Time,Radiation,Production,Date
17:00,406.4571,59,2024-07-27
11:00,715.2899,237,2024-07-28
12:00,780.86334,285,2024-07-28
13:00,870.9818,310,2024-07-28
14:00,873.0913,319,2024-07-28
15:00,825.6364,308,2024-07-28
16:00,727.1945,286,2024-07-28
17:00,592.9244,104,2024-07-28
11:00,694.94745,216,2024-07-29
12:00,776.5626,259,2024-07-29
13:00,847.467,281,2024-07-29
14:00,849.9035,278,2024-07-29
15:00,801.0423,280,2024-07-29
16:00,705.0533,259,2024-07-29
17:00,573.2196,109,2024-07-29
11:00,638.1389,204,2024-07-30
12:00,795.2862,245,2024-07-30
13:00,826.07794,268,2024-07-30
14:00,805.7681,243,2024-07-30
15:00,525.0125,230,2024-07-30
16:00,424.13412,258,2024-07-30
17:00,440.01236,116,2024-07-30
11:00,534.8077,96,2024-07-31
12:00,626.43054,208,2024-07-31
13:00,706.4105,178,2024-07-31
14:00,691.4807,91,2024-07-31
15:00,644.5818,78,2024-07-31
16:00,625.5639,93,2024-07-31
17:00,353.81848,114,2024-07-31
11:00,417.81012,51,2024-08-01
12:00,426.4066,157,2024-08-01
13:00,406.28992,270,2024-08-01
14:00,560.10455,287,2024-08-01
15:00,623.25116,287,2024-08-01
16:00,636.5828,246,2024-08-01
17:00,505.3796,101,2024-08-01
11:00,567.69995,71,2024-08-02
12:00,678.7389,79,2024-08-02
13:00,750.3072,189,2024-08-02
14:00,793.5755,278,2024-08-02
15:00,795.6094,230,2024-08-02
16:00,704.7666,278,2024-08-02
17:00,582.17566,74,2024-08-02
11:00,436.02,163,2024-08-03
12:00,350.73868,133,2024-08-03
13:00,288.54544,178,2024-08-03
14:00,467.72043,216,2024-08-03
15:00,385.1404,214,2024-08-03
16:00,375.92426,223,2024-08-03
17:00,270.63748,103,2024-08-03
11:00,465.54352,188,2024-08-04
12:00,636.6464,295,2024-08-04
13:00,711.32916,281,2024-08-04
14:00,786.36145,313,2024-08-04
15:00,696.8852,306,2024-08-04
16:00,705.32275,245,2024-08-04
17:00,553.3196,73,2024-08-04
11:00,710.9319,230,2024-08-05
12:00,814.7886,279,2024-08-05
13:00,873.77203,304,2024-08-05
14:00,878.1894,313,2024-08-05
15:00,828.23145,305,2024-08-05
16:00,726.8695,277,2024-08-05
17:00,589.8823,37,2024-08-05
11:00,678.8819,225,2024-08-06
12:00,781.89636,271,2024-08-06
13:00,832.1086,276,2024-08-06
14:00,821.7007,283,2024-08-06
15:00,772.855,289,2024-08-06
16:00,667.23456,270,2024-08-06
17:00,516.83624,43,2024-08-06
11:00,549.7125,227,2024-08-07
12:00,736.61005,278,2024-08-07
13:00,797.7228,295,2024-08-07
14:00,750.91095,272,2024-08-07
15:00,711.47217,264,2024-08-07
16:00,651.4558,207,2024-08-07
17:00,551.60345,82,2024-08-07
11:00,666.59894,210,2024-08-08
12:00,751.3559,234,2024-08-08
13:00,796.62634,278,2024-08-08
14:00,755.97986,289,2024-08-08
15:00,701.79517,230,2024-08-08
16:00,647.531,271,2024-08-08
17:00,532.0906,23,2024-08-08
11:00,476.9366,197,2024-08-09
12:00,478.1919,223,2024-08-09
13:00,482.5934,169,2024-08-09
14:00,609.9354,171,2024-08-09
15:00,549.5695,148,2024-08-09
16:00,461.88882,184,2024-08-09
17:00,387.15842,82,2024-08-09
11:00,477.34973,80,2024-08-10
12:00,633.246,160,2024-08-10
13:00,799.21643,288,2024-08-10
14:00,820.4454,285,2024-08-10
15:00,773.6177,293,2024-08-10
16:00,673.17737,256,2024-08-10
17:00,537.1595,23,2024-08-10
11:00,663.3256,216,2024-08-11
12:00,759.50745,253,2024-08-11
13:00,819.73035,281,2024-08-11
14:00,819.15826,296,2024-08-11
15:00,780.1485,289,2024-08-11
16:00,681.17004,240,2024-08-11
17:00,543.6744,70,2024-08-11
11:00,629.25757,210,2024-08-12
12:00,704.1946,249,2024-08-12
13:00,812.1826,276,2024-08-12
14:00,823.1784,286,2024-08-12
15:00,764.2109,278,2024-08-12
16:00,671.064,248,2024-08-12
17:00,540.22626,45,2024-08-12
11:00,143.83575,32,2024-08-13
12:00,176.4737,45,2024-08-13
13:00,193.5077,43,2024-08-13
14:00,281.87167,26,2024-08-13
15:00,233.29613,101,2024-08-13
16:00,235.61606,112,2024-08-13
17:00,154.27545,65,2024-08-13
11:00,572.0379,179,2024-08-14
12:00,490.26825,131,2024-08-14
13:00,366.78754,184,2024-08-14
14:00,488.6475,176,2024-08-14
15:00,383.80566,221,2024-08-14
16:00,289.2605,205,2024-08-14
17:00,346.22595,65,2024-08-14
11:00,668.1562,227,2024-08-15
12:00,771.3772,271,2024-08-15
13:00,840.40314,297,2024-08-15
14:00,830.17,306,2024-08-15
15:00,795.80005,300,2024-08-15
16:00,688.1298,249,2024-08-15
17:00,542.1171,35,2024-08-15
11:00,269.92245,117,2024-08-16
12:00,390.70187,140,2024-08-16
13:00,329.62094,134,2024-08-16
14:00,329.93875,229,2024-08-16
15:00,307.4386,122,2024-08-16
16:00,259.27618,154,2024-08-16
17:00,202.88278,68,2024-08-16
11:00,26.345524,16,2024-08-17
12:00,39.947315,35,2024-08-17
13:00,43.602,32,2024-08-17
14:00,46.65287,25,2024-08-17
15:00,51.64231,33,2024-08-17
16:00,63.432648,30,2024-08-17
17:00,107.7338,35,2024-08-17
11:00,245.26125,128,2024-08-18
12:00,371.23672,160,2024-08-18
13:00,415.80798,128,2024-08-18
14:00,259.13318,81,2024-08-18
15:00,266.2042,140,2024-08-18
16:00,249.78989,121,2024-08-18
17:00,179.69936,106,2024-08-18
11:00,659.7345,190,2024-08-19
12:00,685.794,233,2024-08-19
13:00,695.9,272,2024-08-19
14:00,762.4471,281,2024-08-19
15:00,742.6005,269,2024-08-19
16:00,640.6189,219,2024-08-19
17:00,522.509,81,2024-08-19
11:00,631.67285,196,2024-08-20
12:00,672.63715,202,2024-08-20
13:00,666.61487,204,2024-08-20
14:00,488.6634,173,2024-08-20
15:00,330.54257,164,2024-08-20
16:00,286.63867,67,2024-08-20
17:00,126.88119,22,2024-08-20
11:00,449.0974,205,2024-08-21
12:00,520.17316,169,2024-08-21
13:00,661.7843,249,2024-08-21
14:00,660.243,296,2024-08-21
15:00,607.1229,242,2024-08-21
16:00,578.4415,166,2024-08-21
17:00,492.81067,32,2024-08-21
11:00,659.4802,194,2024-08-22
12:00,760.44495,246,2024-08-22
13:00,812.9135,277,2024-08-22
14:00,812.7388,284,2024-08-22
15:00,760.0636,271,2024-08-22
16:00,659.0512,221,2024-08-22
17:00,517.98035,57,2024-08-22
11:00,240.41483,162,2024-08-23
12:00,323.01074,207,2024-08-23
13:00,435.44797,75,2024-08-23
14:00,417.44467,108,2024-08-23
15:00,355.7917,101,2024-08-23
16:00,286.06662,104,2024-08-23
17:00,296.9989,68,2024-08-23
11:00,629.3529,199,2024-08-24
12:00,726.1545,245,2024-08-24
13:00,788.34766,274,2024-08-24
14:00,724.2,277,2024-08-24
15:00,659.0512,240,2024-08-24
16:00,392.05252,155,2024-08-24
17:00,361.3055,49,2024-08-24
11:00,659.9093,216,2024-08-25
12:00,755.678,262,2024-08-25
13:00,794.9897,295,2024-08-25
14:00,740.9003,305,2024-08-25
15:00,641.5246,297,2024-08-25
16:00,452.16418,230,2024-08-25
17:00,296.91946,41,2024-08-25
11:00,635.05743,204,2024-08-26
12:00,734.73505,250,2024-08-26
13:00,788.09344,279,2024-08-26
14:00,788.4748,290,2024-08-26
15:00,735.6566,277,2024-08-26
16:00,634.66016,207,2024-08-26
17:00,489.1083,38,2024-08-26
11:00,643.3837,207,2024-08-27
12:00,744.7298,250,2024-08-27
13:00,799.8679,276,2024-08-27
14:00,795.00555,284,2024-08-27
15:00,740.4554,272,2024-08-27
16:00,637.4886,196,2024-08-27
17:00,494.89224,21,2024-08-27
11:00,634.3583,207,2024-08-28
12:00,733.9723,248,2024-08-28
13:00,783.5807,270,2024-08-28
14:00,778.14636,278,2024-08-28
15:00,718.9563,269,2024-08-28
16:00,614.94073,188,2024-08-28
17:00,472.8052,38,2024-08-28
11:00,381.10437,125,2024-08-29
12:00,480.65485,142,2024-08-29
13:00,534.9349,114,2024-08-29
14:00,487.12207,159,2024-08-29
15:00,370.6329,143,2024-08-29
16:00,349.51517,69,2024-08-29
17:00,221.1721,44,2024-08-29
11:00,190.58397,21,2024-08-30
12:00,410.50076,102,2024-08-30
13:00,484.27777,239,2024-08-30
14:00,486.1051,275,2024-08-30
15:00,485.42184,222,2024-08-30
16:00,276.16718,127,2024-08-30
17:00,218.8045,86,2024-08-30
11:00,234.2813,42,2024-08-31
12:00,268.17456,94,2024-08-31
13:00,264.51987,109,2024-08-31
14:00,388.3343,205,2024-08-31
15:00,357.047,117,2024-08-31
16:00,324.91754,145,2024-08-31
17:00,277.83563,92,2024-08-31
11:00,325.1323,71,2024-09-01
12:00,431.16824,144,2024-09-01
13:00,591.41833,122,2024-09-01
14:00,643.6669,181,2024-09-01
15:00,646.2572,226,2024-09-01
16:00,562.20856,187,2024-09-01
17:00,371.92584,64,2024-09-01
11:00,469.18518,121,2024-09-02
12:00,602.7548,226,2024-09-02
13:00,752.46075,194,2024-09-02
14:00,739.1129,176,2024-09-02
15:00,615.5389,225,2024-09-02
16:00,522.3327,87,2024-09-02
17:00,390.3629,49,2024-09-02
11:00,391.1705,81,2024-09-03
12:00,404.1069,137,2024-09-03
13:00,348.90237,171,2024-09-03
14:00,392.61804,179,2024-09-03
15:00,321.68866,133,2024-09-03
16:00,353.88495,105,2024-09-03
17:00,235.12589,47,2024-09-03
11:00,428.42554,147,2024-09-04
12:00,636.2311,232,2024-09-04
13:00,604.4766,65,2024-09-04
14:00,547.7484,29,2024-09-04
15:00,541.47064,40,2024-09-04
16:00,372.58105,54,2024-09-04
17:00,315.70044,51,2024-09-04
11:00,373.51053,37,2024-09-05
12:00,504.39844,34,2024-09-05
13:00,369.27457,87,2024-09-05
14:00,378.64548,223,2024-09-05
15:00,383.3233,266,2024-09-05
16:00,318.93073,146,2024-09-05
17:00,196.27092,22,2024-09-05
11:00,289.5533,26,2024-09-06
12:00,197.71846,32,2024-09-06
13:00,177.39198,87,2024-09-06
14:00,318.70218,87,2024-09-06
15:00,441.17914,169,2024-09-06
16:00,269.1354,69,2024-09-06
17:00,245.06058,59,2024-09-06
11:00,253.7458,173,2024-09-07
12:00,315.5328,201,2024-09-07
13:00,396.64066,75,2024-09-07
14:00,507.91824,32,2024-09-07
15:00,451.3576,30,2024-09-07
16:00,339.6686,128,2024-09-07
17:00,246.95,40,2024-09-07
11:00,435.12994,146,2024-09-08
12:00,500.26917,137,2024-09-08
13:00,618.3425,139,2024-09-08
14:00,542.29346,235,2024-09-08
15:00,404.32022,70,2024-09-08
16:00,344.3617,178,2024-09-08
17:00,292.05222,57,2024-09-08
11:00,254.47719,76,2024-09-09
12:00,345.97684,153,2024-09-09
13:00,346.87582,109,2024-09-09
14:00,407.06293,78,2024-09-09
15:00,317.1175,94,2024-09-09
16:00,223.10371,91,2024-09-09
17:00,121.63891,53,2024-09-09
11:00,412.9293,158,2024-09-10
12:00,496.38367,158,2024-09-10
13:00,553.90424,229,2024-09-10
14:00,592.7135,243,2024-09-10
15:00,523.03357,181,2024-09-10
16:00,379.78827,107,2024-09-10
17:00,217.55736,55,2024-09-10
11:00,220.37624,73,2024-09-11
12:00,341.10092,147,2024-09-11
13:00,446.10074,127,2024-09-11
14:00,317.57462,102,2024-09-11
15:00,206.12943,72,2024-09-11
16:00,202.07631,117,2024-09-11
17:00,256.71707,67,2024-09-11
11:00,568.22723,201,2024-09-12
12:00,506.105,240,2024-09-12
13:00,521.26605,227,2024-09-12
14:00,513.0837,192,2024-09-12
15:00,454.89264,225,2024-09-12
16:00,367.7813,105,2024-09-12
17:00,299.22897,40,2024-09-12
11:00,571.9147,197,2024-09-13
12:00,606.7927,180,2024-09-13
13:00,631.538,210,2024-09-13
14:00,471.5622,137,2024-09-13
15:00,307.2133,149,2024-09-13
16:00,243.09497,99,2024-09-13
17:00,223.058,54,2024-09-13
11:00,500.34534,191,2024-09-14
12:00,623.58417,237,2024-09-14
13:00,666.3094,216,2024-09-14
14:00,562.4676,179,2024-09-14
15:00,598.0313,240,2024-09-14
16:00,490.41064,154,2024-09-14
17:00,370.40213,19,2024-09-14
11:00,570.4214,192,2024-09-15
12:00,668.534,238,2024-09-15
13:00,715.95233,264,2024-09-15
14:00,708.44037,271,2024-09-15
15:00,647.2476,260,2024-09-15
16:00,537.3261,142,2024-09-15
17:00,388.8392,18,2024-09-15
11:00,531.1855,143,2024-09-16
12:00,603.0596,185,2024-09-16
13:00,649.79224,213,2024-09-16
14:00,658.72125,211,2024-09-16
15:00,566.06354,186,2024-09-16
16:00,485.45856,130,2024-09-16
17:00,326.76266,55,2024-09-16
11:00,467.34146,135,2024-09-17
12:00,487.28702,165,2024-09-17
13:00,543.96954,149,2024-09-17
14:00,510.32574,117,2024-09-17
15:00,354.7687,197,2024-09-17
16:00,274.91034,155,2024-09-17
17:00,136.19048,39,2024-09-17
11:00,456.9649,89,2024-09-18
12:00,521.327,101,2024-09-18
13:00,513.8608,184,2024-09-18
14:00,333.22327,226,2024-09-18
15:00,286.09448,178,2024-09-18
16:00,232.5508,83,2024-09-18
17:00,204.22476,63,2024-09-18
11:00,529.18945,174,2024-09-19
12:00,633.0617,219,2024-09-19
13:00,671.6729,245,2024-09-19
14:00,509.30484,236,2024-09-19
15:00,219.26392,212,2024-09-19
16:00,225.11502,100,2024-09-19
17:00,198.49556,30,2024-09-19
11:00,459.03717,129,2024-09-20
12:00,599.875,132,2024-09-20
13:00,667.5131,116,2024-09-20
14:00,662.78955,58,2024-09-20
15:00,529.03705,125,2024-09-20
16:00,402.507,67,2024-09-20
17:00,335.35648,62,2024-09-20
11:00,449.49866,147,2024-09-21
12:00,524.35925,172,2024-09-21
13:00,590.6717,160,2024-09-21
14:00,498.34924,160,2024-09-21
15:00,465.52823,58,2024-09-21
16:00,316.32516,35,2024-09-21
17:00,224.56648,36,2024-09-21
11:00,145.82042,46,2024-09-22
12:00,209.0702,31,2024-09-22
13:00,196.9566,42,2024-09-22
14:00,164.82126,43,2024-09-22
15:00,114.64501,37,2024-09-22
16:00,175.1521,29,2024-09-22
17:00,155.1456,47,2024-09-22
11:00,146.93272,70,2024-09-23
12:00,172.02847,93,2024-09-23
13:00,273.2647,100,2024-09-23
14:00,278.93295,190,2024-09-23
15:00,212.20908,137,2024-09-23
16:00,58.648148,67,2024-09-23
17:00,117.75341,62,2024-09-23
11:00,348.96332,58,2024-09-24
12:00,345.9159,75,2024-09-24
13:00,468.14905,109,2024-09-24
14:00,283.0013,242,2024-09-24
15:00,466.79294,152,2024-09-24
16:00,260.5873,123,2024-09-24
17:00,210.56346,48,2024-09-24
11:00,72.51404,51,2024-09-25
12:00,92.94718,73,2024-09-25
13:00,136.67807,60,2024-09-25
14:00,110.485245,62,2024-09-25
15:00,78.24324,50,2024-09-25
16:00,30.352587,23,2024-09-25
17:00,19.046553,17,2024-09-25
11:00,44.462273,12,2024-09-26
12:00,102.68378,30,2024-09-26
13:00,194.76244,44,2024-09-26
14:00,247.39188,32,2024-09-26
15:00,253.85246,167,2024-09-26
16:00,166.05547,101,2024-09-26
17:00,146.93272,33,2024-09-26
11:00,433.21005,169,2024-09-27
12:00,513.32745,132,2024-09-27
13:00,517.21295,34,2024-09-27
14:00,346.96725,53,2024-09-27
15:00,296.9434,60,2024-09-27
16:00,98.79828,62,2024-09-27
17:00,65.108734,35,2024-09-27
11:00,460.08853,147,2024-09-28
12:00,581.23987,173,2024-09-28
13:00,438.74115,165,2024-09-28
14:00,529.677,182,2024-09-28
15:00,489.58783,228,2024-09-28
16:00,341.11615,71,2024-09-28
17:00,189.68843,29,2024-09-28
11:00,247.58995,58,2024-09-29
12:00,320.01257,73,2024-09-29
13:00,327.90546,77,2024-09-29
14:00,293.74356,76,2024-09-29
15:00,186.67146,50,2024-09-29
16:00,117.93626,35,2024-09-29
17:00,72.3769,16,2024-09-29
11:00,218.48682,97,2024-09-30
12:00,236.48201,110,2024-09-30
13:00,326.71695,95,2024-09-30
14:00,310.58072,136,2024-09-30
15:00,281.67566,114,2024-09-30
16:00,297.17194,81,2024-09-30
17:00,161.81952,56,2024-09-30
11:00,77.370895,30,2024-10-01
12:00,64.84039,44,2024-10-01
13:00,83.55091,56,2024-10-01
14:00,38.13138,41,2024-10-01
15:00,45.98781,56,2024-10-01
16:00,77.88235,59,2024-10-01
17:00,99.448456,37,2024-10-01
11:00,244.30223,47,2024-10-02
12:00,259.91565,133,2024-10-02
13:00,256.73328,115,2024-10-02
14:00,335.9937,139,2024-10-02
15:00,271.45166,124,2024-10-02
16:00,142.68011,75,2024-10-02
17:00,97.44528,27,2024-10-02
11:00,160.12622,30,2024-10-03
12:00,172.94086,25,2024-10-03
13:00,426.2929,28,2024-10-03
14:00,352.6016,42,2024-10-03
15:00,337.95425,34,2024-10-03
16:00,270.82657,20,2024-10-03
17:00,179.27715,23,2024-10-03
11:00,478.57437,164,2024-10-04
12:00,562.01166,204,2024-10-04
13:00,595.3979,228,2024-10-04
14:00,579.28723,224,2024-10-04
15:00,525.10205,219,2024-10-04
16:00,410.31012,117,2024-10-04
17:00,251.0079,20,2024-10-04
11:00,474.83795,165,2024-10-05
12:00,568.8736,208,2024-10-05
13:00,610.3578,233,2024-10-05
14:00,591.8888,235,2024-10-05
15:00,527.38934,219,2024-10-05
16:00,412.05756,110,2024-10-05
17:00,266.3798,16,2024-10-05
11:00,65.08191,41,2024-10-06
12:00,161.00705,50,2024-10-06
13:00,307.73615,68,2024-10-06
14:00,365.03265,88,2024-10-06
15:00,245.31093,41,2024-10-06
16:00,151.71571,40,2024-10-06
17:00,44.467667,34,2024-10-06
11:00,206.58286,44,2024-10-07
12:00,237.4545,30,2024-10-07
13:00,103.62529,26,2024-10-07
14:00,102.46032,23,2024-10-07
15:00,65.223976,24,2024-10-07
16:00,79.232,16,2024-10-07
17:00,57.907413,19,2024-10-07
11:00,357.46036,70,2024-10-08
12:00,417.2573,196,2024-10-08
13:00,414.62903,169,2024-10-08
14:00,443.8953,113,2024-10-08
15:00,395.15134,165,2024-10-08
16:00,215.20645,74,2024-10-08
17:00,92.1603,14,2024-10-08
11:00,71.233505,22,2024-10-09
12:00,57.93583,28,2024-10-09
13:00,205.75885,32,2024-10-09
14:00,173.15396,27,2024-10-09
15:00,64.57046,17,2024-10-09
16:00,41.597866,12,2024-10-09
17:00,8.680429,8,2024-10-09
11:00,291.75336,40,2024-10-10
12:00,390.80402,95,2024-10-10
13:00,458.64206,128,2024-10-10
14:00,456.14163,103,2024-10-10
15:00,391.25864,109,2024-10-10
16:00,286.24106,123,2024-10-10
17:00,137.52301,20,2024-10-10
11:00,286.7241,87,2024-10-11
12:00,218.60191,46,2024-10-11
13:00,262.68597,139,2024-10-11
14:00,171.64803,70,2024-10-11
15:00,181.57867,180,2024-10-11
16:00,154.24455,103,2024-10-11
17:00,117.97428,38,2024-10-11
11:00,375.67365,70,2024-10-12
12:00,403.60446,185,2024-10-12
13:00,488.95963,177,2024-10-12
14:00,468.47327,179,2024-10-12
15:00,357.60245,151,2024-10-12
16:00,213.79997,114,2024-10-12
17:00,136.78424,39,2024-10-12
11:00,301.3004,41,2024-10-13
12:00,326.78763,142,2024-10-13
13:00,374.60812,103,2024-10-13
14:00,353.16986,67,2024-10-13
15:00,289.6365,94,2024-10-13
16:00,280.9419,73,2024-10-13
17:00,177.70018,34,2024-10-13
11:00,404.7126,123,2024-10-14
12:00,501.74588,175,2024-10-14
13:00,541.6247,200,2024-10-14
14:00,525.1589,192,2024-10-14
15:00,419.2747,168,2024-10-14
16:00,290.09116,101,2024-10-14
17:00,172.06003,18,2024-10-14
11:00,322.17038,30,2024-10-15
12:00,378.2451,87,2024-10-15
13:00,286.76672,111,2024-10-15
14:00,228.68883,89,2024-10-15
15:00,114.63565,55,2024-10-15
16:00,57.92162,32,2024-10-15
17:00,79.07573,26,2024-10-15
11:00,336.8319,124,2024-10-16
12:00,371.46838,172,2024-10-16
13:00,426.4776,186,2024-10-16
14:00,374.30978,103,2024-10-16
15:00,382.7771,82,2024-10-16
16:00,225.20813,41,2024-10-16
17:00,78.308556,27,2024-10-16
11:00,50.292503,34,2024-10-17
12:00,81.135735,38,2024-10-17
13:00,157.59738,31,2024-10-17
14:00,140.30756,44,2024-10-17
15:00,74.671585,47,2024-10-17
16:00,56.273617,41,2024-10-17
17:00,35.9151,15,2024-10-17
11:00,144.45598,70,2024-10-18
12:00,188.22751,47,2024-10-18
13:00,126.12905,61,2024-10-18
14:00,102.048325,116,2024-10-18
15:00,109.46433,74,2024-10-18
16:00,131.07306,54,2024-10-18
17:00,61.1608,32,2024-10-18
11:00,169.74431,35,2024-10-19
12:00,155.19641,40,2024-10-19
13:00,179.10666,43,2024-10-19
14:00,92.51548,49,2024-10-19
15:00,157.37007,47,2024-10-19
16:00,128.81416,37,2024-10-19
17:00,122.84725,21,2024-10-19
11:00,140.19391,48,2024-10-20
12:00,122.932495,125,2024-10-20
13:00,236.14746,40,2024-10-20
14:00,299.60977,49,2024-10-20
15:00,314.96747,104,2024-10-20
16:00,215.60425,77,2024-10-20
17:00,118.68462,32,2024-10-20
11:00,330.59506,101,2024-10-21
12:00,431.10904,167,2024-10-21
13:00,441.5085,193,2024-10-21
14:00,474.09918,197,2024-10-21
15:00,411.23355,183,2024-10-21
16:00,305.07944,103,2024-10-21
17:00,160.82236,30,2024-10-21
11:00,374.13928,55,2024-10-22
12:00,431.54947,130,2024-10-22
13:00,456.1985,90,2024-10-22
14:00,456.9088,47,2024-10-22
15:00,318.50497,46,2024-10-22
16:00,178.58101,49,2024-10-22
17:00,114.28048,31,2024-10-22
11:00,261.97565,101,2024-10-23
12:00,296.01544,177,2024-10-23
13:00,291.69653,202,2024-10-23
14:00,359.43512,207,2024-10-23
15:00,330.15466,190,2024-10-23
16:00,214.0841,111,2024-10-23
17:00,116.15579,9,2024-10-23
11:00,366.9506,91,2024-10-24
12:00,450.3168,166,2024-10-24
13:00,484.45605,189,2024-10-24
14:00,466.58374,193,2024-10-24
15:00,399.4276,179,2024-10-24
16:00,283.6838,98,2024-10-24
17:00,149.4,14,2024-10-24
11:00,114.57883,9,2024-10-25
12:00,38.060345,23,2024-10-25
13:00,66.53101,49,2024-10-25
14:00,103.54005,26,2024-10-25
15:00,67.34081,21,2024-10-25
16:00,68.633644,8,2024-10-25
17:00,55.321754,9,2024-10-25
11:00,138.27597,34,2024-10-26
12:00,91.22265,35,2024-10-26
13:00,51.37223,34,2024-10-26
14:00,58.219967,33,2024-10-26
15:00,79.07573,28,2024-10-26
16:00,58.347828,36,2024-10-26
17:00,23.214111,15,2024-10-26
11:00,135.96025,26,2024-10-27
12:00,196.55276,26,2024-10-27
13:00,229.99586,30,2024-10-27
14:00,236.11905,31,2024-10-27
15:00,233.47656,71,2024-10-27
16:00,122.90408,27,2024-10-27
17:00,47.010704,10,2024-10-27
11:00,180.37108,41,2024-10-28
12:00,302.39435,40,2024-10-28
13:00,380.9302,64,2024-10-28
14:00,375.71625,51,2024-10-28
15:00,293.1314,23,2024-10-28
16:00,197.00739,12,2024-10-28
17:00,89.46099,1,2024-10-28
11:00,150.67862,34,2024-10-29
12:00,202.23553,52,2024-10-29
13:00,179.00722,54,2024-10-29
14:00,233.32028,40,2024-10-29
15:00,220.4204,24,2024-10-29
16:00,107.91578,9,2024-10-29
17:00,77.96759,3,2024-10-29
11:00,82.826355,27,2024-10-30
12:00,159.01808,40,2024-10-30
13:00,180.76888,35,2024-10-30
14:00,175.00087,27,2024-10-30
15:00,169.105,19,2024-10-30
16:00,117.54807,10,2024-10-30
17:00,57.28231,1,2024-10-30
11:00,106.7366,19,2024-10-31
12:00,156.07724,22,2024-10-31
13:00,229.10083,24,2024-10-31
14:00,211.2001,19,2024-10-31
15:00,218.40302,15,2024-10-31
16:00,181.20929,8,2024-10-31
17:00,89.10581,2,2024-10-31
11:00,115.4879,28,2024-11-01
12:00,167.70384,36,2024-11-01
13:00,199.65874,33,2024-11-01
14:00,204.03613,32,2024-11-01
15:00,208.13837,22,2024-11-01
16:00,146.21713,10,2024-11-01
17:00,75.94136,2,2024-11-01
11:00,79.09308,22,2024-11-02
12:00,144.84138,26,2024-11-02
13:00,134.29814,28,2024-11-02
14:00,145.65433,20,2024-11-02
15:00,130.68367,13,2024-11-02
16:00,83.132774,7,2024-11-02
17:00,52.941334,1,2024-11-02
11:00,245.03345,21,2024-11-03
12:00,305.05365,31,2024-11-03
13:00,398.3795,37,2024-11-03
14:00,417.8901,36,2024-11-03
15:00,340.82312,24,2024-11-03
16:00,242.5571,13,2024-11-03
17:00,111.78588,3,2024-11-03
11:00,143.11545,24,2024-11-04
12:00,222.68378,33,2024-11-04
13:00,270.22217,42,2024-11-04
14:00,336.23312,42,2024-11-04
15:00,280.7154,26,2024-11-04
16:00,181.774,11,2024-11-04
17:00,80.28123,2,2024-11-04
11:00,183.33736,22,2024-11-05
12:00,272.88614,40,2024-11-05
13:00,305.0161,69,2024-11-05
14:00,214.02907,97,2024-11-05
15:00,200.70932,86,2024-11-05
16:00,123.21711,18,2024-11-05
17:00,79.08057,4,2024-11-05
11:00,88.26057,31,2024-11-06
12:00,132.33458,30,2024-11-06
13:00,165.0649,40,2024-11-06
14:00,180.17313,34,2024-11-06
15:00,162.1383,27,2024-11-06
16:00,94.02621,15,2024-11-06
17:00,40.109344,3,2024-11-06
11:00,103.168686,25,2024-11-07
12:00,120.978386,29,2024-11-07
13:00,176.95888,36,2024-11-07
14:00,192.59239,18,2024-11-07
15:00,110.43515,9,2024-11-07
16:00,73.30242,5,2024-11-07
17:00,27.590027,1,2024-11-07
11:00,240.81866,41,2024-11-08
12:00,360.6339,70,2024-11-08
13:00,401.48117,119,2024-11-08
14:00,377.96835,61,2024-11-08
15:00,326.0776,58,2024-11-08
16:00,220.3325,19,2024-11-08
17:00,85.89678,2,2024-11-08
11:00,210.02689,44,2024-11-09
12:00,286.54355,70,2024-11-09
13:00,313.93347,157,2024-11-09
14:00,302.99002,53,2024-11-09
15:00,160.8501,9,2024-11-09
16:00,71.70155,10,2024-11-09
17:00,26.064196,2,2024-11-09
11:00,122.41667,13,2024-11-10
12:00,232.01387,19,2024-11-10
13:00,147.6054,31,2024-11-10
14:00,110.31008,26,2024-11-10
15:00,68.96256,16,2024-11-10
16:00,55.50523,8,2024-11-10
17:00,21.048964,1,2024-11-10
11:00,107.195885,47,2024-11-11
12:00,105.99523,54,2024-11-11
13:00,102.593376,54,2024-11-11
14:00,78.38019,59,2024-11-11
15:00,65.7233,19,2024-11-11
16:00,46.700436,20,2024-11-11
17:00,30.291498,6,2024-11-11
11:00,122.92945,38,2024-11-12
12:00,134.72337,35,2024-11-12
13:00,124.19264,60,2024-11-12
14:00,224.53479,69,2024-11-12
15:00,215.94261,38,2024-11-12
16:00,124.130104,16,2024-11-12
17:00,55.567764,3,2024-11-12
11:00,211.82787,36,2024-11-13
12:00,242.9198,35,2024-11-13
13:00,325.99005,39,2024-11-13
14:00,268.28363,30,2024-11-13
15:00,212.0655,37,2024-11-13
16:00,130.346,14,2024-11-13
17:00,54.429646,4,2024-11-13
11:00,253.80074,76,2024-11-14
12:00,276.96335,145,2024-11-14
13:00,280.62784,126,2024-11-14
14:00,274.51202,89,2024-11-14
15:00,217.10574,45,2024-11-14
16:00,153.79626,19,2024-11-14
17:00,53.016376,3,2024-11-14
11:00,97.3155,70,2024-11-15
12:00,160.96266,129,2024-11-15
13:00,203.57338,158,2024-11-15
14:00,238.42986,141,2024-11-15
15:00,192.94258,59,2024-11-15
16:00,113.49931,21,2024-11-15
17:00,48.60147,5,2024-11-15
11:00,204.12367,20,2024-11-16
12:00,240.9062,21,2024-11-16
13:00,334.84488,20,2024-11-16
14:00,352.69208,16,2024-11-16
15:00,301.3391,13,2024-11-16
16:00,190.86646,7,2024-11-16
17:00,70.963646,1,2024-11-16
11:00,157.39822,64,2024-11-17
12:00,162.43848,95,2024-11-17
13:00,143.5907,86,2024-11-17
14:00,68.26218,32,2024-11-17
15:00,57.831497,26,2024-11-17
16:00,40.19689,12,2024-11-17
17:00,12.90703,1,2024-11-17
11:00,133.58525,50,2024-11-18
12:00,210.66473,67,2024-11-18
13:00,165.77779,80,2024-11-18
14:00,238.66748,24,2024-11-18
15:00,139.21332,20,2024-11-18
16:00,73.94027,5,2024-11-18
11:00,51.57809,13,2024-11-19
12:00,65.76082,19,2024-11-19
13:00,54.76733,25,2024-11-19
14:00,33.443214,21,2024-11-19
15:00,44.63681,13,2024-11-19
16:00,30.16643,4,2024-11-19
17:00,7.6041417,1,2024-11-19
11:00,244.5832,55,2024-11-20
12:00,293.33475,144,2024-11-20
13:00,302.965,99,2024-11-20
14:00,263.38095,98,2024-11-20
15:00,201.072,54,2024-11-20
16:00,134.51076,14,2024-11-20
17:00,51.30294,1,2024-11-20
11:00,14.270272,2,2024-11-21
12:00,26.189264,5,2024-11-21
13:00,34.04354,5,2024-11-21
14:00,72.80215,10,2024-11-21
15:00,109.034386,11,2024-11-21
16:00,111.9985,6,2024-11-21
11:00,222.8839,58,2024-11-22
12:00,329.24182,151,2024-11-22
13:00,364.91125,152,2024-11-22
14:00,347.70187,114,2024-11-22
15:00,258.61584,48,2024-11-22
16:00,122.31662,11,2024-11-22
17:00,47.713486,2,2024-11-22
11:00,120.715744,43,2024-11-23
12:00,167.17856,20,2024-11-23
13:00,113.636894,30,2024-11-23
14:00,191.75444,30,2024-11-23
15:00,231.27596,35,2024-11-23
16:00,108.75923,10,2024-11-23
17:00,27.727602,2,2024-11-23
11:00,211.3401,45,2024-11-24
12:00,267.8584,61,2024-11-24
13:00,274.6496,55,2024-11-24
14:00,250.08621,46,2024-11-24
15:00,219.7822,36,2024-11-24
16:00,147.75548,15,2024-11-24
17:00,52.165913,1,2024-11-24
11:00,26.927166,7,2024-11-25
12:00,45.649864,17,2024-11-25
13:00,51.50305,17,2024-11-25
14:00,77.61727,36,2024-11-25
15:00,75.24098,54,2024-11-25
16:00,64.747765,17,2024-11-25
17:00,29.115858,4,2024-11-25
11:00,194.7936,41,2024-11-26
12:00,248.6104,50,2024-11-26
13:00,210.5772,28,2024-11-26
14:00,244.52068,53,2024-11-26
15:00,186.60162,35,2024-11-26
16:00,103.05613,15,2024-11-26
17:00,36.094658,2,2024-11-26
11:00,76.279045,21,2024-11-27
12:00,44.12403,32,2024-11-27
13:00,58.969616,27,2024-11-27
14:00,62.02128,16,2024-11-27
15:00,50.452477,10,2024-11-27
16:00,34.456264,5,2024-11-27
11:00,26.189264,17,2024-11-28
12:00,51.34046,20,2024-11-28
13:00,66.86141,25,2024-11-28
14:00,48.476402,21,2024-11-28
15:00,54.404633,11,2024-11-28
16:00,29.866266,5,2024-11-28
17:00,12.306703,1,2024-11-28
11:00,194.74356,38,2024-11-29
12:00,291.44623,125,2024-11-29
13:00,330.83017,145,2024-11-29
14:00,319.4865,118,2024-11-29
15:00,262.80563,34,2024-11-29
16:00,164.13939,5,2024-11-29
17:00,51.30294,1,2024-11-29
11:00,114.3998,52,2024-11-30
12:00,157.8985,55,2024-11-30
13:00,160.96266,70,2024-11-30
14:00,164.72722,58,2024-11-30
15:00,132.12196,39,2024-11-30
16:00,82.169754,10,2024-11-30
17:00,21.186539,1,2024-11-30
11:00,158.48778,58,2024-12-01
12:00,256.04022,79,2024-12-01
13:00,261.32874,80,2024-12-01
14:00,270.00504,48,2024-12-01
15:00,197.15097,26,2024-12-01
16:00,100.48181,15,2024-12-01
17:00,28.65638,2,2024-12-01
11:00,156.95601,25,2024-12-02
12:00,239.89516,87,2024-12-02
13:00,269.3901,135,2024-12-02
14:00,240.23059,59,2024-12-02
15:00,200.9189,15,2024-12-02
16:00,146.20009,10,2024-12-02
17:00,43.124332,1,2024-12-02
11:00,100.10167,44,2024-12-03
12:00,173.73839,115,2024-12-03
13:00,219.5573,127,2024-12-03
14:00,246.10051,43,2024-12-03
15:00,197.22925,19,2024-12-03
16:00,120.13766,5,2024-12-03
11:00,111.11475,28,2024-12-04
12:00,131.25136,36,2024-12-04
13:00,169.31079,36,2024-12-04
14:00,130.66997,30,2024-12-04
15:00,92.53227,32,2024-12-04
16:00,56.675457,14,2024-12-04
17:00,20.158976,1,2024-12-04
11:00,48.110966,6,2024-12-05
12:00,43.169052,8,2024-12-05
13:00,47.216503,16,2024-12-05
14:00,45.94189,18,2024-12-05
15:00,34.64929,5,2024-12-05
16:00,13.025627,2,2024-12-05
11:00,170.11581,31,2024-12-06
12:00,273.5158,94,2024-12-06
13:00,307.90796,123,2024-12-06
14:00,184.61731,75,2024-12-06
15:00,169.4226,41,2024-12-06
16:00,98.256836,13,2024-12-06
17:00,33.10634,1,2024-12-06
11:00,120.70788,36,2024-12-07
12:00,206.69937,58,2024-12-07
13:00,233.06369,70,2024-12-07
14:00,247.91179,57,2024-12-07
15:00,228.5131,44,2024-12-07
16:00,143.09183,12,2024-12-07
17:00,37.18733,1,2024-12-07
11:00,22.093252,9,2024-12-08
12:00,47.272408,21,2024-12-08
13:00,67.040054,22,2024-12-08
14:00,42.29695,21,2024-12-08
15:00,75.95115,28,2024-12-08
16:00,69.83525,9,2024-12-08
17:00,13.260425,1,2024-12-08
11:00,48.815357,28,2024-12-09
12:00,140.26309,27,2024-12-09
13:00,115.01685,41,2024-12-09
14:00,82.41365,15,2024-12-09
15:00,67.610275,19,2024-12-09
16:00,63.115593,6,2024-12-09
17:00,19.767647,1,2024-12-09
11:00,104.28329,11,2024-12-10
12:00,165.15154,35,2024-12-10
13:00,109.45999,18,2024-12-10
14:00,124.55407,7,2024-12-10
15:00,80.602356,5,2024-12-10
16:00,57.759995,2,2024-12-10
11:00,168.5505,19,2024-12-11
12:00,263.18475,24,2024-12-11
13:00,250.08087,22,2024-12-11
14:00,189.88345,20,2024-12-11
15:00,189.55922,14,2024-12-11
16:00,137.9934,6,2024-12-11
17:00,43.80636,1,2024-12-11
11:00,35.55493,9,2024-12-14
12:00,37.791092,14,2024-12-14
13:00,86.79652,22,2024-12-14
14:00,142.7005,37,2024-12-14
15:00,180.33507,22,2024-12-14
16:00,104.57398,10,2024-12-14
17:00,33.13988,1,2024-12-14
11:00,48.8489,37,2024-12-15
12:00,43.023705,90,2024-12-15
13:00,80.93778,82,2024-12-15
14:00,61.34903,48,2024-12-15
15:00,45.94189,37,2024-12-15
16:00,32.636745,15,2024-12-15
17:00,9.212976,1,2024-12-15
11:00,110.0973,41,2024-12-16
12:00,135.85785,16,2024-12-16
13:00,220.44058,14,2024-12-16
14:00,166.79512,14,2024-12-16
15:00,155.05528,6,2024-12-16
16:00,96.21075,2,2024-12-16
11:00,96.84805,36,2024-12-17
12:00,149.23009,73,2024-12-17
13:00,225.40485,64,2024-12-17
14:00,209.33804,55,2024-12-17
15:00,171.08855,40,2024-12-17
16:00,104.976494,13,2024-12-17
17:00,30.61302,1,2024-12-17
11:00,76.77853,22,2024-12-18
12:00,100.5489,19,2024-12-18
13:00,110.24265,23,2024-12-18
14:00,109.97431,11,2024-12-18
15:00,96.76979,12,2024-12-18
16:00,63.607548,3,2024-12-18
17:00,17.352596,1,2024-12-18
11:00,33.777184,27,2024-12-19
12:00,122.18374,52,2024-12-19
13:00,156.62059,105,2024-12-19
14:00,258.03043,58,2024-12-19
15:00,218.18205,28,2024-12-19
16:00,138.84312,6,2024-12-19
11:00,170.38416,39,2024-12-20
12:00,254.00533,57,2024-12-20
13:00,267.9254,72,2024-12-20
14:00,154.83167,55,2024-12-20
15:00,51.25277,53,2024-12-20
16:00,43.482117,16,2024-12-20
17:00,27.303505,2,2024-12-20
11:00,70.02533,21,2024-12-21
12:00,94.31001,49,2024-12-21
13:00,105.63616,57,2024-12-21
14:00,100.392365,51,2024-12-21
15:00,87.44501,37,2024-12-21
16:00,36.494118,6,2024-12-21
17:00,15.284148,1,2024-12-21
11:00,79.32775,13,2024-12-22
12:00,84.146675,38,2024-12-22
13:00,169.91455,45,2024-12-22
14:00,186.4845,19,2024-12-22
15:00,110.72343,20,2024-12-22
16:00,89.73707,11,2024-12-22
17:00,36.907806,1,2024-12-22
11:00,164.44714,22,2024-12-23
12:00,240.35358,82,2024-12-23
13:00,280.7498,72,2024-12-23
14:00,235.07623,69,2024-12-23
15:00,142.08556,33,2024-12-23
16:00,78.90288,18,2024-12-23
11:00,30.098703,43,2024-12-24
12:00,50.58192,42,2024-12-24
13:00,57.547558,27,2024-12-24
14:00,68.44884,35,2024-12-24
15:00,50.794357,24,2024-12-24
16:00,28.3545,8,2024-12-24
11:00,48.211594,28,2024-12-25
12:00,61.63973,23,2024-12-25
13:00,57.99479,21,2024-12-25
14:00,77.762436,13,2024-12-25
15:00,50.38067,7,2024-12-25
16:00,52.92989,3,2024-12-25
17:00,15.217064,1,2024-12-25
11:00,60.588734,21,2024-12-26
12:00,117.633156,33,2024-12-26
13:00,127.81886,43,2024-12-26
14:00,167.7343,81,2024-12-26
15:00,138.83194,42,2024-12-26
16:00,121.24455,11,2024-12-26
17:00,44.26477,2,2024-12-26
11:00,84.83988,14,2024-12-27
12:00,151.67868,20,2024-12-27
13:00,191.69475,23,2024-12-27
14:00,196.51367,24,2024-12-27
15:00,180.8941,15,2024-12-27
16:00,116.79459,5,2024-12-27
17:00,39.143967,1,2024-12-27
11:00,59.929066,18,2024-12-28
12:00,93.862785,25,2024-12-28
13:00,107.05612,29,2024-12-28
14:00,109.68361,23,2024-12-28
15:00,120.97621,14,2024-12-28
16:00,62.400024,7,2024-12-28
11:00,105.27837,15,2024-12-29
12:00,130.73705,18,2024-12-29
13:00,171.86002,19,2024-12-29
14:00,142.8123,19,2024-12-29
15:00,147.79895,14,2024-12-29
16:00,94.82433,4,2024-12-29
11:00,80.53527,9,2024-12-30
12:00,128.07602,11,2024-12-30
13:00,128.38908,11,2024-12-30
14:00,151.25381,17,2024-12-30
15:00,149.17418,18,2024-12-30
16:00,83.18512,7,2024-12-30
17:00,37.93644,1,2024-12-30
11:00,78.15376,27,2024-12-31
12:00,118.68415,36,2024-12-31
13:00,154.74222,51,2024-12-31
14:00,193.5284,50,2024-12-31
15:00,198.55975,28,2024-12-31
16:00,107.16793,8,2024-12-31
17:00,43.124332,1,2024-12-31
11:00,98.0256,25,2025-01-01
12:00,192.48125,38,2025-01-01
13:00,262.59976,27,2025-01-01
14:00,273.74045,26,2025-01-01
15:00,244.24536,14,2025-01-01
16:00,153.69202,6,2025-01-01
17:00,51.30864,2,2025-01-01
11:00,10.315892,6,2025-01-02
12:00,14.636749,12,2025-01-02
13:00,16.692541,14,2025-01-02
14:00,14.932193,11,2025-01-02
15:00,21.653526,10,2025-01-02
16:00,15.781591,4,2025-01-02
11:00,70.37704,27,2025-01-03
12:00,105.116234,28,2025-01-03
13:00,146.78604,52,2025-01-03
14:00,178.4477,90,2025-01-03
15:00,120.91013,29,2025-01-03
16:00,87.18037,20,2025-01-03
17:00,38.259895,4,2025-01-03
11:00,59.002472,34,2025-01-04
12:00,40.51265,48,2025-01-04
13:00,59.82725,43,2025-01-04
14:00,57.869938,25,2025-01-04
15:00,38.900024,13,2025-01-04
16:00,18.32979,3,2025-01-04
17:00,3.5945592,1,2025-01-04
11:00,108.42766,24,2025-01-05
12:00,64.234276,33,2025-01-05
13:00,72.80213,33,2025-01-05
14:00,145.45654,54,2025-01-05
15:00,180.15881,28,2025-01-05
16:00,129.63802,11,2025-01-05
17:00,34.308342,2,2025-01-05
11:00,59.519497,33,2025-01-06
12:00,157.69281,36,2025-01-06
13:00,191.17638,67,2025-01-06
14:00,234.10182,77,2025-01-06
15:00,198.75941,65,2025-01-06
16:00,157.4343,15,2025-01-06
17:00,70.89406,2,2025-01-06
11:00,153.4212,32,2025-01-07
12:00,226.26025,54,2025-01-07
13:00,253.57645,50,2025-01-07
14:00,175.19783,45,2025-01-07
15:00,126.40045,20,2025-01-07
16:00,93.15078,9,2025-01-07
11:00,21.985899,16,2025-01-08
12:00,48.354206,45,2025-01-08
13:00,93.29851,25,2025-01-08
14:00,79.72043,25,2025-01-08
15:00,108.03374,6,2025-01-08
16:00,21.567354,4,2025-01-08
17:00,10.205101,1,2025-01-08
11:00,24.86647,25,2025-01-09
12:00,39.183155,39,2025-01-09
13:00,99.05965,68,2025-01-09
14:00,170.51997,96,2025-01-09
15:00,145.33344,57,2025-01-09
16:00,96.47452,18,2025-01-09
17:00,41.23895,4,2025-01-09
11:00,16.803333,11,2025-01-10
12:00,25.82666,23,2025-01-10
13:00,23.130741,45,2025-01-10
14:00,39.035435,39,2025-01-10
15:00,39.50322,18,2025-01-10
16:00,43.824078,10,2025-01-10
17:00,30.787645,1,2025-01-10
11:00,133.55264,18,2025-01-11
12:00,230.51956,25,2025-01-11
13:00,308.95975,23,2025-01-11
14:00,311.04016,24,2025-01-11
15:00,238.84122,16,2025-01-11
16:00,149.88818,11,2025-01-11
17:00,83.45039,3,2025-01-11
11:00,129.01021,18,2025-01-12
12:00,186.8309,93,2025-01-12
13:00,224.63531,106,2025-01-12
14:00,233.90485,88,2025-01-12
15:00,239.60445,48,2025-01-12
16:00,134.77135,17,2025-01-12
17:00,60.87361,1,2025-01-12
11:00,192.88748,16,2025-01-13
12:00,290.95,110,2025-01-13
13:00,347.34274,152,2025-01-13
14:00,353.58398,140,2025-01-13
15:00,307.99954,72,2025-01-13
16:00,216.76915,9,2025-01-13
17:00,97.06541,3,2025-01-13
11:00,197.35606,15,2025-01-14
12:00,296.67422,117,2025-01-14
13:00,348.97998,154,2025-01-14
14:00,350.54337,138,2025-01-14
15:00,306.0053,70,2025-01-14
16:00,215.48889,9,2025-01-14
17:00,97.89018,3,2025-01-14
11:00,157.65588,30,2025-01-15
12:00,198.47629,40,2025-01-15
13:00,182.11612,46,2025-01-15
14:00,99.25661,40,2025-01-15
15:00,62.043076,26,2025-01-15
16:00,22.170551,10,2025-01-15
17:00,8.530923,2,2025-01-15
11:00,68.93675,15,2025-01-16
12:00,96.573,14,2025-01-16
13:00,132.91252,13,2025-01-16
14:00,183.37175,16,2025-01-16
15:00,159.69937,11,2025-01-16
16:00,103.318954,11,2025-01-16
17:00,45.793697,3,2025-01-16
11:00,180.0357,18,2025-01-17
12:00,240.28151,119,2025-01-17
13:00,305.20514,148,2025-01-17
14:00,330.09625,138,2025-01-17
15:00,297.142,77,2025-01-17
16:00,202.9818,28,2025-01-17
17:00,104.279144,3,2025-01-17
11:00,64.39431,14,2025-01-18
12:00,114.98896,15,2025-01-18
13:00,106.13798,11,2025-01-18
14:00,122.68279,10,2025-01-18
15:00,115.789116,9,2025-01-18
16:00,82.44096,4,2025-01-18
11:00,92.94151,32,2025-01-19
12:00,187.40948,42,2025-01-19
13:00,245.29173,48,2025-01-19
14:00,295.22162,31,2025-01-19
15:00,218.6526,25,2025-01-19
16:00,190.91786,18,2025-01-19
17:00,94.29562,7,2025-01-19
11:00,142.04663,21,2025-01-20
12:00,281.17578,49,2025-01-20
13:00,352.05753,106,2025-01-20
14:00,358.705,134,2025-01-20
15:00,314.05612,82,2025-01-20
16:00,230.22412,15,2025-01-20
17:00,110.00336,6,2025-01-20
11:00,183.08862,32,2025-01-21
12:00,272.6079,43,2025-01-21
13:00,302.70618,41,2025-01-21
14:00,334.08472,60,2025-01-21
15:00,292.71036,28,2025-01-21
16:00,164.22949,19,2025-01-21
17:00,63.56953,8,2025-01-21
11:00,157.22504,35,2025-01-22
12:00,213.70392,118,2025-01-22
13:00,239.08742,64,2025-01-22
14:00,235.50517,40,2025-01-22
15:00,164.19257,21,2025-01-22
16:00,45.399773,6,2025-01-22
17:00,25.568148,1,2025-01-22
11:00,91.42736,54,2025-01-23
12:00,130.2166,66,2025-01-23
13:00,188.96056,47,2025-01-23
14:00,202.79715,72,2025-01-23
15:00,179.02628,42,2025-01-23
16:00,99.19506,27,2025-01-23
17:00,65.809975,7,2025-01-23
11:00,27.230017,17,2025-01-24
12:00,54.07842,31,2025-01-24
13:00,83.05647,41,2025-01-24
14:00,115.986084,29,2025-01-24
15:00,87.98053,36,2025-01-24
16:00,59.630287,22,2025-01-24
17:00,24.706438,5,2025-01-24
11:00,98.665726,10,2025-01-25
12:00,64.997505,6,2025-01-25
13:00,98.50569,19,2025-01-25
14:00,93.310814,7,2025-01-25
15:00,35.662457,7,2025-01-25
16:00,24.657198,5,2025-01-25
17:00,17.418839,4,2025-01-25
11:00,73.25761,6,2025-01-26
12:00,85.74008,9,2025-01-26
13:00,80.643684,30,2025-01-26
14:00,52.995125,22,2025-01-26
15:00,113.10551,20,2025-01-26
16:00,40.943504,9,2025-01-26
17:00,19.093018,5,2025-01-26
11:00,199.69499,19,2025-01-27
12:00,304.02338,64,2025-01-27
13:00,277.47043,55,2025-01-27
14:00,312.16037,32,2025-01-27
15:00,181.79605,53,2025-01-27
16:00,138.34128,20,2025-01-27
17:00,61.75994,10,2025-01-27
11:00,70.99254,46,2025-01-28
12:00,70.77096,78,2025-01-28
13:00,126.84362,112,2025-01-28
14:00,263.39993,83,2025-01-28
15:00,248.5293,75,2025-01-28
16:00,165.85443,28,2025-01-28
17:00,90.627205,9,2025-01-28
11:00,31.834005,10,2025-01-29
12:00,54.00456,26,2025-01-29
13:00,42.19914,21,2025-01-29
14:00,60.393517,26,2025-01-29
15:00,89.95015,16,2025-01-29
16:00,84.4229,15,2025-01-29
17:00,65.67456,3,2025-01-29
11:00,220.46219,35,2025-01-30
12:00,278.34442,66,2025-01-30
13:00,269.12415,53,2025-01-30
14:00,298.26224,54,2025-01-30
15:00,182.39925,49,2025-01-30
16:00,108.74772,17,2025-01-30
17:00,90.257904,5,2025-01-30
11:00,155.18155,43,2025-01-31
12:00,135.30067,73,2025-01-31
13:00,205.2838,66,2025-01-31
14:00,264.52014,61,2025-01-31
15:00,202.0093,33,2025-01-31
16:00,126.634346,15,2025-01-31
17:00,45.97835,1,2025-01-31
11:00,243.72237,34,2025-02-01
12:00,350.52487,50,2025-02-01
13:00,408.56335,88,2025-02-01
14:00,424.2445,124,2025-02-01
15:00,382.41876,124,2025-02-01
16:00,291.33936,31,2025-02-01
17:00,166.93925,6,2025-02-01
11:00,249.14992,63,2025-02-02
12:00,353.01483,114,2025-02-02
13:00,418.761,172,2025-02-02
14:00,428.95865,168,2025-02-02
15:00,384.76883,139,2025-02-02
16:00,292.976,31,2025-02-02
17:00,168.10031,7,2025-02-02
11:00,107.851654,38,2025-02-03
12:00,169.98875,56,2025-02-03
13:00,230.69904,80,2025-02-03
14:00,195.39195,67,2025-02-03
15:00,227.49565,52,2025-02-03
16:00,142.87897,36,2025-02-03
17:00,101.52884,14,2025-02-03
11:00,154.33559,38,2025-02-04
12:00,243.24675,57,2025-02-04
13:00,378.61386,62,2025-02-04
14:00,422.92957,57,2025-02-04
15:00,394.47687,57,2025-02-04
16:00,306.40503,39,2025-02-04
17:00,180.00456,10,2025-02-04
11:00,36.230324,23,2025-02-05
12:00,73.29996,26,2025-02-05
13:00,103.44527,32,2025-02-05
14:00,98.31147,34,2025-02-05
15:00,99.36061,37,2025-02-05
16:00,65.11666,21,2025-02-05
17:00,46.204155,7,2025-02-05
11:00,91.63894,29,2025-02-06
12:00,128.35886,31,2025-02-06
13:00,148.85207,31,2025-02-06
14:00,163.14836,25,2025-02-06
15:00,150.75452,29,2025-02-06
16:00,120.55325,13,2025-02-06
17:00,64.053535,2,2025-02-06
11:00,57.604816,5,2025-02-07
12:00,61.745422,11,2025-02-07
13:00,115.90906,21,2025-02-07
14:00,91.0794,13,2025-02-07
15:00,82.378525,9,2025-02-07
16:00,54.68121,5,2025-02-07
17:00,21.738194,2,2025-02-07
11:00,226.86617,67,2025-02-08
12:00,252.88486,78,2025-02-08
13:00,331.15076,60,2025-02-08
14:00,363.00266,35,2025-02-08
15:00,354.11993,34,2025-02-08
16:00,251.34612,12,2025-02-08
17:00,133.36676,6,2025-02-08
11:00,176.74522,51,2025-02-09
12:00,142.96289,54,2025-02-09
13:00,181.08168,58,2025-02-09
14:00,144.86534,54,2025-02-09
15:00,61.171894,41,2025-02-09
16:00,48.344402,19,2025-02-09
17:00,27.375576,9,2025-02-09
11:00,62.137104,16,2025-02-10
12:00,61.227848,17,2025-02-10
13:00,71.6633,62,2025-02-10
14:00,101.65473,57,2025-02-10
15:00,82.86812,134,2025-02-10
16:00,109.0127,35,2025-02-10
17:00,127.09989,13,2025-02-10
11:00,163.37218,74,2025-02-11
12:00,239.06418,116,2025-02-11
13:00,293.80133,64,2025-02-11
14:00,208.61113,29,2025-02-11
15:00,164.28143,20,2025-02-11
16:00,88.53348,15,2025-02-11
17:00,51.379913,6,2025-02-11
11:00,267.15317,41,2025-02-12
12:00,335.29135,71,2025-02-12
13:00,324.3803,63,2025-02-12
14:00,236.71411,48,2025-02-12
15:00,193.27968,42,2025-02-12
16:00,157.31514,30,2025-02-12
17:00,82.86812,19,2025-02-12
11:00,53.100506,29,2025-02-13
12:00,97.72395,40,2025-02-13
13:00,106.22899,49,2025-02-13
14:00,122.27384,60,2025-02-13
15:00,106.858475,54,2025-02-13
16:00,86.155426,32,2025-02-13
17:00,49.659325,16,2025-02-13
11:00,205.11398,82,2025-02-14
12:00,358.09268,168,2025-02-14
13:00,474.4354,195,2025-02-14
14:00,505.32208,185,2025-02-14
15:00,458.86615,163,2025-02-14
16:00,370.82227,40,2025-02-14
17:00,238.58856,11,2025-02-14
11:00,272.0352,118,2025-02-15
12:00,357.74298,144,2025-02-15
13:00,410.77353,183,2025-02-15
14:00,433.01532,179,2025-02-15
15:00,426.25885,162,2025-02-15
16:00,349.5457,48,2025-02-15
17:00,230.6151,27,2025-02-15
11:00,325.34552,139,2025-02-16
12:00,433.43497,184,2025-02-16
13:00,500.17432,197,2025-02-16
14:00,508.1058,192,2025-02-16
15:00,465.17496,147,2025-02-16
16:00,371.33984,45,2025-02-16
17:00,234.43398,16,2025-02-16
11:00,321.24686,67,2025-02-17
12:00,432.09207,176,2025-02-17
13:00,502.28656,201,2025-02-17
14:00,512.03656,187,2025-02-17
15:00,466.75568,159,2025-02-17
16:00,371.78748,38,2025-02-17
17:00,240.68684,12,2025-02-17
11:00,292.20667,97,2025-02-18
12:00,368.75195,151,2025-02-18
13:00,406.7868,132,2025-02-18
14:00,430.38547,111,2025-02-18
15:00,399.76456,115,2025-02-18
16:00,316.74255,47,2025-02-18
17:00,200.48378,22,2025-02-18
11:00,192.09065,118,2025-02-19
12:00,262.25717,66,2025-02-19
13:00,349.55966,52,2025-02-19
14:00,385.20248,36,2025-02-19
15:00,370.96213,40,2025-02-19
16:00,285.15643,50,2025-02-19
17:00,148.78214,26,2025-02-19
11:00,139.35385,60,2025-02-20
12:00,306.75473,54,2025-02-20
13:00,398.77136,41,2025-02-20
14:00,399.8205,47,2025-02-20
15:00,349.99332,47,2025-02-20
16:00,272.48282,24,2025-02-20
17:00,181.87903,16,2025-02-20
11:00,217.49385,70,2025-02-21
12:00,257.01147,94,2025-02-21
13:00,330.42334,122,2025-02-21
14:00,335.17944,140,2025-02-21
15:00,366.69565,145,2025-02-21
16:00,319.2325,47,2025-02-21
17:00,211.39484,23,2025-02-21
11:00,288.79346,109,2025-02-22
12:00,381.39758,118,2025-02-22
13:00,428.35712,165,2025-02-22
14:00,412.36823,61,2025-02-22
15:00,417.06836,162,2025-02-22
16:00,269.15353,45,2025-02-22
17:00,212.12225,13,2025-02-22
11:00,161.46974,55,2025-02-23
12:00,267.83862,64,2025-02-23
13:00,419.43243,79,2025-02-23
14:00,503.57352,143,2025-02-23
15:00,461.91565,146,2025-02-23
16:00,381.70535,56,2025-02-23
17:00,247.54123,28,2025-02-23
11:00,185.02644,84,2025-02-24
12:00,290.72388,43,2025-02-24
13:00,288.77945,32,2025-02-24
14:00,99.542465,25,2025-02-24
15:00,68.20813,13,2025-02-24
16:00,87.87602,7,2025-02-24
17:00,135.05937,21,2025-02-24
11:00,97.37424,17,2025-02-25
12:00,92.52022,17,2025-02-25
13:00,75.14645,26,2025-02-25
14:00,35.530895,54,2025-02-25
15:00,50.6665,44,2025-02-25
16:00,76.32149,75,2025-02-25
17:00,84.588715,37,2025-02-25
11:00,368.9198,161,2025-02-26
12:00,438.23303,147,2025-02-26
13:00,473.52612,122,2025-02-26
14:00,374.13754,121,2025-02-26
15:00,315.48358,103,2025-02-26
16:00,191.39124,26,2025-02-26
17:00,82.84014,14,2025-02-26
11:00,395.47006,170,2025-02-27
12:00,502.18866,174,2025-02-27
13:00,498.49567,200,2025-02-27
14:00,406.9127,190,2025-02-27
15:00,358.14865,63,2025-02-27
16:00,221.69041,47,2025-02-27
17:00,120.21753,26,2025-02-27
11:00,394.04324,168,2025-02-28
12:00,518.2615,90,2025-02-28
13:00,431.11288,112,2025-02-28
14:00,323.48502,81,2025-02-28
15:00,202.07848,121,2025-02-28
16:00,248.61835,47,2025-02-28
17:00,160.39262,31,2025-02-28
11:00,233.01765,178,2025-03-01
12:00,311.44156,208,2025-03-01
13:00,358.7757,183,2025-03-01
14:00,339.08032,153,2025-03-01
15:00,247.72311,165,2025-03-01
16:00,195.9276,48,2025-03-01
17:00,98.1037,30,2025-03-01
11:00,412.04797,180,2025-03-02
12:00,525.02814,217,2025-03-02
13:00,589.1973,233,2025-03-02
14:00,598.10455,227,2025-03-02
15:00,551.37665,194,2025-03-02
16:00,453.30408,20,2025-03-02
17:00,314.31735,12,2025-03-02
11:00,400.99557,180,2025-03-03
12:00,485.87057,167,2025-03-03
13:00,478.92203,190,2025-03-03
14:00,460.31482,136,2025-03-03
15:00,413.41592,152,2025-03-03
16:00,320.3954,28,2025-03-03
17:00,260.03464,14,2025-03-03
11:00,397.07825,173,2025-03-04
12:00,480.8962,198,2025-03-04
13:00,590.3632,184,2025-03-04
14:00,574.1344,188,2025-03-04
15:00,540.6818,182,2025-03-04
16:00,448.6406,41,2025-03-04
17:00,304.10437,35,2025-03-04
11:00,424.40616,173,2025-03-05
12:00,537.54175,210,2025-03-05
13:00,602.4416,227,2025-03-05
14:00,612.5302,221,2025-03-05
15:00,566.9371,185,2025-03-05
16:00,469.76608,16,2025-03-05
17:00,330.46848,10,2025-03-05
11:00,432.66046,187,2025-03-06
12:00,541.73883,220,2025-03-06
13:00,604.1826,233,2025-03-06
14:00,610.54047,220,2025-03-06
15:00,562.0871,164,2025-03-06
16:00,461.54285,40,2025-03-06
17:00,306.8558,19,2025-03-06
11:00,412.5765,191,2025-03-07
12:00,528.5723,200,2025-03-07
13:00,588.91754,215,2025-03-07
14:00,590.9695,217,2025-03-07
15:00,549.1693,165,2025-03-07
16:00,465.4446,25,2025-03-07
17:00,314.69043,14,2025-03-07
11:00,389.2592,116,2025-03-08
12:00,479.96353,165,2025-03-08
13:00,567.1858,228,2025-03-08
14:00,588.1558,160,2025-03-08
15:00,539.3605,95,2025-03-08
16:00,369.90582,53,2025-03-08
17:00,222.19843,35,2025-03-08
11:00,153.62999,29,2025-03-09
12:00,143.10611,16,2025-03-09
13:00,131.02774,17,2025-03-09
14:00,123.41075,24,2025-03-09
15:00,193.34714,26,2025-03-09
16:00,115.43623,22,2025-03-09
17:00,79.62084,11,2025-03-09
11:00,179.52776,154,2025-03-10
12:00,275.12872,208,2025-03-10
13:00,364.76047,219,2025-03-10
14:00,374.42938,227,2025-03-10
15:00,410.41577,189,2025-03-10
16:00,349.9151,38,2025-03-10
17:00,299.40982,19,2025-03-10
11:00,448.5318,197,2025-03-11
12:00,555.66705,229,2025-03-11
13:00,641.39703,243,2025-03-11
14:00,644.52155,210,2025-03-11
15:00,492.57043,88,2025-03-11
16:00,398.7882,48,2025-03-11
17:00,253.94106,15,2025-03-11
11:00,163.95178,47,2025-03-12
12:00,244.52087,72,2025-03-12
13:00,153.02374,58,2025-03-12
14:00,171.11797,48,2025-03-12
15:00,159.2106,37,2025-03-12
16:00,135.92438,27,2025-03-12
17:00,99.03639,20,2025-03-12
11:00,430.9039,103,2025-03-13
12:00,512.9653,92,2025-03-13
13:00,590.3166,50,2025-03-13
14:00,482.60617,61,2025-03-13
15:00,473.4347,93,2025-03-13
16:00,436.56223,74,2025-03-13
17:00,338.25647,34,2025-03-13
11:00,290.93787,104,2025-03-14
12:00,329.87778,130,2025-03-14
13:00,476.51257,87,2025-03-14
14:00,514.7063,173,2025-03-14
15:00,423.39572,128,2025-03-14
16:00,376.01495,45,2025-03-14
17:00,265.30435,53,2025-03-14
11:00,429.61368,105,2025-03-15
12:00,362.63083,103,2025-03-15
13:00,383.4143,85,2025-03-15
14:00,343.96143,86,2025-03-15
15:00,290.31607,61,2025-03-15
16:00,212.59169,48,2025-03-15
17:00,157.96701,20,2025-03-15
11:00,118.06332,10,2025-03-16
12:00,129.62871,18,2025-03-16
13:00,150.95627,17,2025-03-16
14:00,208.0526,34,2025-03-16
15:00,161.51125,19,2025-03-16
16:00,130.68576,14,2025-03-16
17:00,98.523415,6,2025-03-16
11:00,491.80872,119,2025-03-17
12:00,590.1145,152,2025-03-17
13:00,566.3309,206,2025-03-17
14:00,467.20117,153,2025-03-17
15:00,310.61768,139,2025-03-17
16:00,212.01654,55,2025-03-17
17:00,140.46349,36,2025-03-17
11:00,520.84656,218,2025-03-18
12:00,632.552,248,2025-03-18
13:00,691.8246,250,2025-03-18
14:00,693.7988,251,2025-03-18
15:00,639.73376,192,2025-03-18
16:00,531.3082,16,2025-03-18
17:00,354.2055,12,2025-03-18
11:00,506.5608,216,2025-03-19
12:00,604.61786,242,2025-03-19
13:00,643.449,258,2025-03-19
14:00,648.8586,213,2025-03-19
15:00,566.99927,190,2025-03-19
16:00,310.22903,17,2025-03-19
17:00,138.64473,12,2025-03-19
11:00,515.4836,190,2025-03-20
12:00,624.6086,167,2025-03-20
13:00,681.9847,165,2025-03-20
14:00,679.71515,138,2025-03-20
15:00,583.2592,104,2025-03-20
16:00,458.13852,67,2025-03-20
17:00,319.9135,40,2025-03-20
11:00,366.23724,70,2025-03-21
12:00,397.56015,87,2025-03-21
13:00,443.12216,120,2025-03-21
14:00,263.28354,70,2025-03-21
15:00,208.0215,61,2025-03-21
16:00,141.03864,39,2025-03-21
17:00,39.39071,24,2025-03-21
11:00,400.48257,164,2025-03-22
12:00,385.45068,121,2025-03-22
13:00,428.27682,58,2025-03-22
14:00,205.51878,37,2025-03-22
15:00,174.63112,27,2025-03-22
16:00,192.38336,60,2025-03-22
17:00,107.15082,43,2025-03-22
11:00,52.837025,50,2025-03-23
12:00,167.12294,84,2025-03-23
13:00,114.02165,113,2025-03-23
14:00,207.85051,117,2025-03-23
15:00,395.75696,25,2025-03-23
16:00,400.37378,12,2025-03-23
17:00,306.32727,2,2025-03-23
11:00,356.27298,73,2025-03-24
12:00,390.06754,109,2025-03-24
13:00,318.48337,141,2025-03-24
14:00,341.6608,134,2025-03-24
15:00,262.63065,49,2025-03-24
16:00,222.32278,73,2025-03-24
17:00,208.76765,35,2025-03-24
11:00,280.53833,26,2025-03-25
12:00,165.36636,61,2025-03-25
13:00,192.86525,38,2025-03-25
14:00,228.07439,34,2025-03-25
15:00,183.98912,38,2025-03-25
16:00,160.67181,30,2025-03-25
17:00,130.00179,18,2025-03-25
11:00,363.51688,101,2025-03-26
12:00,282.17056,60,2025-03-26
13:00,240.89891,67,2025-03-26
14:00,207.78833,50,2025-03-26
15:00,115.8404,43,2025-03-26
16:00,103.69985,29,2025-03-26
17:00,32.706413,23,2025-03-26
11:00,483.81866,228,2025-03-27
12:00,641.2105,262,2025-03-27
13:00,670.40375,271,2025-03-27
14:00,644.3972,261,2025-03-27
15:00,666.5953,184,2025-03-27
16:00,572.14465,28,2025-03-27
17:00,430.1733,20,2025-03-27
11:00,392.98996,122,2025-03-28
12:00,474.49173,92,2025-03-28
13:00,340.60373,76,2025-03-28
14:00,350.24155,90,2025-03-28
15:00,250.63,74,2025-03-28
16:00,190.06717,21,2025-03-28
17:00,105.70514,14,2025-03-28
11:00,581.1762,234,2025-03-29
12:00,648.08136,198,2025-03-29
13:00,613.99146,231,2025-03-29
14:00,685.18695,267,2025-03-29
15:00,625.8366,183,2025-03-29
16:00,569.7196,19,2025-03-29
17:00,422.85165,15,2025-03-29
11:00,142.42213,71,2025-03-30
12:00,129.05354,69,2025-03-30
13:00,201.11958,73,2025-03-30
14:00,360.56335,41,2025-03-30
15:00,317.61285,40,2025-03-30
16:00,166.95195,61,2025-03-30
17:00,167.72919,59,2025-03-30
11:00,569.79736,185,2025-03-31
12:00,678.7203,234,2025-03-31
13:00,671.16547,263,2025-03-31
14:00,735.8477,276,2025-03-31
15:00,657.5793,268,2025-03-31
16:00,582.43536,187,2025-03-31
17:00,445.70264,17,2025-03-31
11:00,607.7911,200,2025-04-01
12:00,714.9796,247,2025-04-01
13:00,771.74097,277,2025-04-01
14:00,772.13586,288,2025-04-01
15:00,715.4896,278,2025-04-01
16:00,606.95197,192,2025-04-01
17:00,457.54614,19,2025-04-01
11:00,601.3746,146,2025-04-02
12:00,699.0535,229,2025-04-02
13:00,751.8334,236,2025-04-02
14:00,731.2841,223,2025-04-02
15:00,627.6329,183,2025-04-02
16:00,518.7662,100,2025-04-02
17:00,373.2925,73,2025-04-02
11:00,304.61945,106,2025-04-03
12:00,273.26083,214,2025-04-03
13:00,458.96106,206,2025-04-03
14:00,520.47723,164,2025-04-03
15:00,475.82495,175,2025-04-03
16:00,372.48633,39,2025-04-03
17:00,127.622635,75,2025-04-03
11:00,557.1007,154,2025-04-04
12:00,710.43866,171,2025-04-04
13:00,758.0853,242,2025-04-04
14:00,760.2077,247,2025-04-04
15:00,707.2304,245,2025-04-04
16:00,599.03827,169,2025-04-04
17:00,447.3949,61,2025-04-04
11:00,596.8995,165,2025-04-05
12:00,706.5723,210,2025-04-05
13:00,762.97174,239,2025-04-05
14:00,762.5275,238,2025-04-05
15:00,709.55023,242,2025-04-05
16:00,605.8661,174,2025-04-05
17:00,463.15646,45,2025-04-05
11:00,612.54584,192,2025-04-06
12:00,717.7272,240,2025-04-06
13:00,771.5436,266,2025-04-06
14:00,770.35895,276,2025-04-06
15:00,717.5626,266,2025-04-06
16:00,610.01215,183,2025-04-06
17:00,468.4213,20,2025-04-06
11:00,648.00116,203,2025-04-07
12:00,754.8771,248,2025-04-07
13:00,809.77936,272,2025-04-07
14:00,808.1176,281,2025-04-07
15:00,750.2868,272,2025-04-07
16:00,641.4366,189,2025-04-07
17:00,491.2081,17,2025-04-07
11:00,652.96985,204,2025-04-08
12:00,757.95374,246,2025-04-08
13:00,811.1449,271,2025-04-08
14:00,808.6112,277,2025-04-08
15:00,749.9084,271,2025-04-08
16:00,628.09357,187,2025-04-08
17:00,429.0338,20,2025-04-08
11:00,648.2973,204,2025-04-09
12:00,752.93567,248,2025-04-09
13:00,805.6333,278,2025-04-09
14:00,802.5402,286,2025-04-09
15:00,744.61066,274,2025-04-09
16:00,637.2576,190,2025-04-09
17:00,488.24664,22,2025-04-09
11:00,653.5786,203,2025-04-10
12:00,755.91364,249,2025-04-10
13:00,807.1634,275,2025-04-10
14:00,804.0045,282,2025-04-10
15:00,746.60144,270,2025-04-10
16:00,639.3965,188,2025-04-10
17:00,491.98138,20,2025-04-10
11:00,655.1416,184,2025-04-11
12:00,758.46375,240,2025-04-11
13:00,812.0827,251,2025-04-11
14:00,810.50323,258,2025-04-11
15:00,752.45856,273,2025-04-11
16:00,645.50037,195,2025-04-11
17:00,499.10535,21,2025-04-11
11:00,274.44543,69,2025-04-12
12:00,512.251,67,2025-04-12
13:00,506.2622,35,2025-04-12
14:00,549.1541,54,2025-04-12
15:00,259.16098,60,2025-04-12
16:00,90.735954,30,2025-04-12
17:00,85.339516,12,2025-04-12
11:00,249.47041,45,2025-04-13
12:00,387.88593,187,2025-04-13
13:00,446.81906,164,2025-04-13
14:00,593.7735,99,2025-04-13
15:00,554.7973,130,2025-04-13
16:00,462.53128,131,2025-04-13
17:00,335.25415,71,2025-04-13
11:00,503.0046,184,2025-04-14
12:00,577.84735,163,2025-04-14
13:00,522.0402,172,2025-04-14
14:00,637.8993,180,2025-04-14
15:00,555.8009,119,2025-04-14
16:00,412.9103,39,2025-04-14
17:00,280.92773,37,2025-04-14
11:00,447.29617,61,2025-04-15
12:00,461.54413,97,2025-04-15
13:00,546.17615,102,2025-04-15
14:00,585.07007,93,2025-04-15
15:00,325.77747,166,2025-04-15
16:00,400.12665,179,2025-04-15
17:00,275.53128,96,2025-04-15
11:00,628.9984,153,2025-04-16
12:00,670.82086,85,2025-04-16
13:00,655.50354,170,2025-04-16
14:00,701.0607,120,2025-04-16
15:00,649.7287,215,2025-04-16
16:00,598.446,140,2025-04-16
17:00,404.70047,73,2025-04-16
11:00,608.00494,221,2025-04-17
12:00,634.09875,266,2025-04-17
13:00,580.34814,257,2025-04-17
14:00,597.24493,217,2025-04-17
15:00,460.7544,192,2025-04-17
16:00,398.8927,175,2025-04-17
17:00,259.2926,58,2025-04-17
11:00,625.65857,160,2025-04-18
12:00,739.65845,168,2025-04-18
13:00,737.8487,267,2025-04-18
14:00,759.599,287,2025-04-18
15:00,725.5092,213,2025-04-18
16:00,621.6112,156,2025-04-18
17:00,429.3135,38,2025-04-18
11:00,325.67874,44,2025-04-19
12:00,219.14832,56,2025-04-19
13:00,136.14507,55,2025-04-19
14:00,221.40231,55,2025-04-19
15:00,180.61638,81,2025-04-19
16:00,102.94377,40,2025-04-19
17:00,146.6089,26,2025-04-19
11:00,89.66654,87,2025-04-20
12:00,155.23006,93,2025-04-20
13:00,212.02435,114,2025-04-20
14:00,151.54468,112,2025-04-20
15:00,123.854996,54,2025-04-20
16:00,70.79543,36,2025-04-20
17:00,82.18062,25,2025-04-20
11:00,325.54712,70,2025-04-21
12:00,395.56927,76,2025-04-21
13:00,618.86365,75,2025-04-21
14:00,555.3238,86,2025-04-21
15:00,498.8092,119,2025-04-21
16:00,508.53268,63,2025-04-21
17:00,399.12305,66,2025-04-21
11:00,325.56357,50,2025-04-22
12:00,428.9022,34,2025-04-22
13:00,472.81412,175,2025-04-22
14:00,589.66034,184,2025-04-22
15:00,291.50674,117,2025-04-22
16:00,427.81635,140,2025-04-22
17:00,329.69318,86,2025-04-22
11:00,287.7391,111,2025-04-23
12:00,503.18558,193,2025-04-23
13:00,537.9499,128,2025-04-23
14:00,454.61758,172,2025-04-23
15:00,576.0376,177,2025-04-23
16:00,396.96774,191,2025-04-23
17:00,448.34915,69,2025-04-23
11:00,360.0811,102,2025-04-24
12:00,252.02055,69,2025-04-24
13:00,314.50745,29,2025-04-24
14:00,232.98492,48,2025-04-24
15:00,345.6851,101,2025-04-24
16:00,274.939,70,2025-04-24
17:00,228.52628,83,2025-04-24
11:00,514.86694,187,2025-04-25
12:00,608.87695,241,2025-04-25
13:00,725.8712,292,2025-04-25
14:00,807.7228,282,2025-04-25
15:00,743.60706,259,2025-04-25
16:00,626.74445,219,2025-04-25
17:00,498.79276,110,2025-04-25
11:00,499.747,157,2025-04-26
12:00,516.9564,222,2025-04-26
13:00,520.905,244,2025-04-26
14:00,502.2478,213,2025-04-26
15:00,362.45026,164,2025-04-26
16:00,274.52768,169,2025-04-26
17:00,182.22873,83,2025-04-26
11:00,694.00256,203,2025-04-27
12:00,797.6373,255,2025-04-27
13:00,696.9311,280,2025-04-27
14:00,694.8581,280,2025-04-27
15:00,633.2761,199,2025-04-27
16:00,566.8406,99,2025-04-27
17:00,305.39273,68,2025-04-27
11:00,703.2489,222,2025-04-28
12:00,799.39777,259,2025-04-28
13:00,732.12317,285,2025-04-28
14:00,789.444,289,2025-04-28
15:00,672.5813,282,2025-04-28
16:00,612.34845,219,2025-04-28
17:00,493.0508,24,2025-04-28
11:00,710.1754,219,2025-04-29
12:00,807.31146,257,2025-04-29
13:00,857.27795,283,2025-04-29
14:00,854.41516,288,2025-04-29
15:00,763.926,266,2025-04-29
16:00,642.2263,215,2025-04-29
17:00,498.67758,24,2025-04-29
11:00,713.1698,220,2025-04-30
12:00,809.2364,256,2025-04-30
13:00,836.62994,279,2025-04-30
14:00,767.233,287,2025-04-30
15:00,730.5931,277,2025-04-30
16:00,576.5805,217,2025-04-30
17:00,449.3034,23,2025-04-30
11:00,675.4394,221,2025-05-01
12:00,791.4069,258,2025-05-01
13:00,796.2038,275,2025-05-01
14:00,769.9975,207,2025-05-01
15:00,763.7868,252,2025-05-01
16:00,684.0738,215,2025-05-01
17:00,552.571,78,2025-05-01
11:00,640.2115,204,2025-05-02
12:00,786.2229,243,2025-05-02
13:00,833.01385,249,2025-05-02
14:00,799.87305,264,2025-05-02
15:00,748.201,187,2025-05-02
16:00,627.2514,175,2025-05-02
17:00,421.90976,87,2025-05-02
11:00,708.0584,170,2025-05-03
12:00,770.3173,263,2025-05-03
13:00,822.0735,266,2025-05-03
14:00,747.4099,225,2025-05-03
15:00,685.38666,253,2025-05-03
16:00,402.26767,145,2025-05-03
17:00,458.63562,44,2025-05-03
11:00,228.2322,16,2025-05-04
12:00,139.36302,26,2025-05-04
13:00,358.25385,41,2025-05-04
14:00,520.37274,85,2025-05-04
15:00,485.71716,101,2025-05-04
16:00,274.03012,58,2025-05-04
17:00,293.75638,104,2025-05-04
11:00,506.50378,239,2025-05-05
12:00,640.5818,221,2025-05-05
13:00,640.6828,271,2025-05-05
14:00,594.34625,190,2025-05-05
15:00,356.95786,131,2025-05-05
16:00,388.7858,173,2025-05-05
17:00,328.69812,89,2025-05-05
11:00,598.6887,196,2025-05-06
12:00,713.9662,269,2025-05-06
13:00,700.0972,208,2025-05-06
14:00,504.3494,217,2025-05-06
15:00,315.9232,157,2025-05-06
16:00,478.27774,89,2025-05-06
17:00,303.36703,105,2025-05-06
11:00,542.5564,124,2025-05-07
12:00,437.68066,213,2025-05-07
13:00,445.81018,148,2025-05-07
14:00,496.27036,184,2025-05-07
15:00,551.98193,160,2025-05-07
16:00,376.4653,152,2025-05-07
17:00,267.58374,99,2025-05-07
11:00,529.73096,156,2025-05-08
12:00,740.3408,191,2025-05-08
13:00,580.8644,248,2025-05-08
14:00,669.0603,144,2025-05-08
15:00,482.01428,84,2025-05-08
16:00,488.7468,104,2025-05-08
17:00,373.48618,95,2025-05-08
11:00,745.0535,146,2025-05-09
12:00,822.7804,213,2025-05-09
13:00,818.26965,283,2025-05-09
14:00,697.21906,286,2025-05-09
15:00,781.4428,164,2025-05-09
16:00,671.585,223,2025-05-09
17:00,526.3647,69,2025-05-09
11:00,748.8406,218,2025-05-10
12:00,731.942,246,2025-05-10
13:00,725.8154,227,2025-05-10
14:00,726.7916,241,2025-05-10
15:00,622.85846,224,2025-05-10
16:00,595.2551,223,2025-05-10
17:00,535.03284,64,2025-05-10
11:00,301.61658,62,2025-05-11
12:00,360.93002,61,2025-05-11
13:00,265.69864,51,2025-05-11
14:00,362.9666,65,2025-05-11
15:00,139.53133,92,2025-05-11
16:00,254.89294,89,2025-05-11
17:00,137.46109,64,2025-05-11
11:00,478.53018,85,2025-05-12
12:00,685.42035,111,2025-05-12
13:00,729.6024,244,2025-05-12
14:00,629.43945,146,2025-05-12
15:00,591.16516,271,2025-05-12
16:00,557.3006,248,2025-05-12
17:00,441.60236,103,2025-05-12
11:00,695.16565,232,2025-05-13
12:00,693.83594,274,2025-05-13
13:00,632.01465,246,2025-05-13
14:00,622.75745,170,2025-05-13
15:00,675.3384,187,2025-05-13
16:00,556.12244,173,2025-05-13
17:00,432.51346,57,2025-05-13
11:00,736.78937,225,2025-05-14
12:00,823.16754,254,2025-05-14
13:00,768.9877,295,2025-05-14
14:00,773.2123,306,2025-05-14
15:00,747.64557,209,2025-05-14
16:00,553.9343,181,2025-05-14
17:00,545.6197,74,2025-05-14
11:00,761.61554,237,2025-05-15
12:00,861.2399,280,2025-05-15
13:00,914.3763,302,2025-05-15
14:00,910.7239,307,2025-05-15
15:00,846.8828,298,2025-05-15
16:00,727.56586,272,2025-05-15
17:00,581.7396,74,2025-05-15
11:00,756.5998,240,2025-05-16
12:00,847.28674,286,2025-05-16
13:00,903.8567,304,2025-05-16
14:00,884.2146,308,2025-05-16
15:00,789.7743,298,2025-05-16
16:00,727.24603,273,2025-05-16
17:00,594.16113,72,2025-05-16
11:00,775.0637,217,2025-05-17
12:00,869.94165,290,2025-05-17
13:00,903.2844,307,2025-05-17
14:00,903.9072,314,2025-05-17
15:00,850.0976,304,2025-05-17
16:00,744.4813,277,2025-05-17
17:00,602.15594,78,2025-05-17
11:00,775.8885,238,2025-05-18
12:00,873.74554,278,2025-05-18
13:00,917.9277,290,2025-05-18
14:00,902.93097,305,2025-05-18
15:00,843.83636,299,2025-05-18
16:00,742.4784,270,2025-05-18
17:00,577.88525,95,2025-05-18
11:00,546.5117,200,2025-05-19
12:00,692.9102,275,2025-05-19
13:00,743.77435,300,2025-05-19
14:00,583.6079,260,2025-05-19
15:00,538.4664,240,2025-05-19
16:00,434.93716,128,2025-05-19
17:00,251.27422,93,2025-05-19
11:00,770.5193,238,2025-05-20
12:00,865.07745,281,2025-05-20
13:00,920.65436,300,2025-05-20
14:00,922.4048,300,2025-05-20
15:00,830.2872,275,2025-05-20
16:00,663.8426,242,2025-05-20
17:00,463.97113,124,2025-05-20
11:00,263.35907,70,2025-05-21
12:00,300.84235,73,2025-05-21
13:00,263.6452,89,2025-05-21
14:00,261.15417,89,2025-05-21
15:00,209.86926,105,2025-05-21
16:00,207.27725,55,2025-05-21
17:00,157.13686,29,2025-05-21
11:00,487.6864,183,2025-05-22
12:00,724.6036,246,2025-05-22
13:00,787.4852,284,2025-05-22
14:00,770.1827,313,2025-05-22
15:00,710.095,288,2025-05-22
16:00,583.00195,246,2025-05-22
17:00,401.7964,123,2025-05-22
11:00,545.75433,234,2025-05-23
12:00,599.5976,257,2025-05-23
13:00,572.66754,222,2025-05-23
14:00,587.4623,247,2025-05-23
15:00,589.1791,244,2025-05-23
16:00,435.8124,284,2025-05-23
17:00,335.21182,123,2025-05-23
11:00,680.5224,180,2025-05-24
12:00,827.52686,249,2025-05-24
13:00,866.2556,267,2025-05-24
14:00,810.5609,286,2025-05-24
15:00,683.18176,260,2025-05-24
16:00,509.56708,154,2025-05-24
17:00,288.37036,122,2025-05-24
11:00,201.40312,61,2025-05-25
12:00,341.4394,72,2025-05-25
13:00,267.3986,63,2025-05-25
14:00,209.59996,75,2025-05-25
15:00,375.20294,189,2025-05-25
16:00,420.7484,217,2025-05-25
17:00,393.31342,123,2025-05-25
11:00,640.7669,247,2025-05-26
12:00,569.58746,190,2025-05-26
13:00,455.00006,177,2025-05-26
14:00,393.0441,142,2025-05-26
15:00,414.06638,155,2025-05-26
16:00,256.02063,148,2025-05-26
17:00,123.019844,86,2025-05-26
11:00,164.99707,88,2025-05-27
12:00,207.3614,90,2025-05-27
13:00,271.30344,159,2025-05-27
14:00,398.78357,116,2025-05-27
15:00,317.90927,127,2025-05-27
16:00,329.30405,106,2025-05-27
17:00,271.0005,114,2025-05-27
11:00,76.06057,38,2025-05-28
12:00,93.21164,49,2025-05-28
13:00,98.362015,48,2025-05-28
14:00,236.46269,63,2025-05-28
15:00,198.45766,66,2025-05-28
16:00,271.1183,198,2025-05-28
17:00,332.1822,185,2025-05-28
11:00,340.2612,56,2025-05-29
12:00,431.57092,70,2025-05-29
13:00,664.97034,104,2025-05-29
14:00,679.4452,148,2025-05-29
15:00,708.4455,267,2025-05-29
16:00,712.687,269,2025-05-29
17:00,607.3905,224,2025-05-29
11:00,762.5581,236,2025-05-30
12:00,854.7935,272,2025-05-30
13:00,899.24493,295,2025-05-30
14:00,892.3441,300,2025-05-30
15:00,835.48804,289,2025-05-30
16:00,734.3152,262,2025-05-30
17:00,597.3591,217,2025-05-30
11:00,385.16708,125,2025-05-31
12:00,540.92377,120,2025-05-31
13:00,568.47656,145,2025-05-31
14:00,797.29785,162,2025-05-31
15:00,761.2116,172,2025-05-31
16:00,668.3534,204,2025-05-31
17:00,479.96085,205,2025-05-31
11:00,360.5735,209,2025-06-01
12:00,610.6596,198,2025-06-01
13:00,627.3564,194,2025-06-01
14:00,687.17255,221,2025-06-01
15:00,623.72156,198,2025-06-01
16:00,614.97485,195,2025-06-01
17:00,554.92633,152,2025-06-01
11:00,445.4016,217,2025-06-02
12:00,571.5899,166,2025-06-02
13:00,524.3543,180,2025-06-02
14:00,404.9543,198,2025-06-02
15:00,518.2964,170,2025-06-02
16:00,489.9982,230,2025-06-02
17:00,444.57175,175,2025-06-02
11:00,776.7143,224,2025-06-03
12:00,826.8875,265,2025-06-03
13:00,854.43884,288,2025-06-03
14:00,908.2302,297,2025-06-03
15:00,851.0862,277,2025-06-03
16:00,754.00934,238,2025-06-03
17:00,619.3399,188,2025-06-03
11:00,221.14067,33,2025-06-04
12:00,190.18695,68,2025-06-04
13:00,309.07248,134,2025-06-04
14:00,505.1846,185,2025-06-04
15:00,467.92395,197,2025-06-04
16:00,606.8257,93,2025-06-04
17:00,418.4478,120,2025-06-04
11:00,635.7047,76,2025-06-05
12:00,530.3625,69,2025-06-05
13:00,235.69638,84,2025-06-05
14:00,109.39194,70,2025-06-05
15:00,75.63329,70,2025-06-05
16:00,50.090252,52,2025-06-05
17:00,50.422195,35,2025-06-05
11:00,451.45956,112,2025-06-06
12:00,511.6575,250,2025-06-06
13:00,426.1655,282,2025-06-06
14:00,445.78333,148,2025-06-06
15:00,445.00327,173,2025-06-06
16:00,540.60297,230,2025-06-06
17:00,351.36206,196,2025-06-06
11:00,450.19818,72,2025-06-07
12:00,450.8455,213,2025-06-07
13:00,513.61597,119,2025-06-07
14:00,431.06165,199,2025-06-07
15:00,325.902,148,2025-06-07
16:00,268.69156,44,2025-06-07
17:00,248.14426,130,2025-06-07
11:00,608.15344,201,2025-06-08
12:00,611.7218,254,2025-06-08
13:00,659.83704,257,2025-06-08
14:00,698.8404,250,2025-06-08
15:00,774.3575,267,2025-06-08
16:00,756.78107,226,2025-06-08
17:00,629.3978,189,2025-06-08
11:00,778.1748,224,2025-06-09
12:00,871.21857,267,2025-06-09
13:00,913.27576,287,2025-06-09
14:00,904.18054,296,2025-06-09
15:00,834.22345,288,2025-06-09
16:00,753.777,265,2025-06-09
17:00,622.60956,226,2025-06-09
11:00,773.09607,225,2025-06-10
12:00,865.7083,266,2025-06-10
13:00,911.948,285,2025-06-10
14:00,909.0103,289,2025-06-10
15:00,855.2521,282,2025-06-10
16:00,757.0134,223,2025-06-10
17:00,621.7631,231,2025-06-10
11:00,768.56506,226,2025-06-11
12:00,858.92004,267,2025-06-11
13:00,903.36725,287,2025-06-11
14:00,898.90265,299,2025-06-11
15:00,846.19,294,2025-06-11
16:00,748.4825,273,2025-06-11
17:00,614.52673,235,2025-06-11
11:00,724.3004,231,2025-06-12
12:00,817.0454,277,2025-06-12
13:00,791.00446,296,2025-06-12
14:00,821.34406,271,2025-06-12
15:00,688.31775,237,2025-06-12
16:00,699.886,217,2025-06-12
17:00,547.5904,213,2025-06-12
11:00,669.1812,226,2025-06-13
12:00,801.3113,260,2025-06-13
13:00,828.7132,287,2025-06-13
14:00,837.21094,291,2025-06-13
15:00,801.7262,277,2025-06-13
16:00,671.5546,242,2025-06-13
17:00,573.233,224,2025-06-13
11:00,484.88626,105,2025-06-14
12:00,576.56903,239,2025-06-14
13:00,514.66156,237,2025-06-14
14:00,643.7046,271,2025-06-14
15:00,660.4843,256,2025-06-14
16:00,449.35175,204,2025-06-14
17:00,430.03262,135,2025-06-14
11:00,433.7504,103,2025-06-15
12:00,585.9298,240,2025-06-15
13:00,724.483,211,2025-06-15
14:00,654.14417,200,2025-06-15
15:00,582.27844,251,2025-06-15
16:00,365.22067,217,2025-06-15
17:00,277.02335,172,2025-06-15
11:00,767.8182,238,2025-06-16
12:00,862.00714,281,2025-06-16
13:00,906.42114,277,2025-06-16
14:00,911.6161,309,2025-06-16
15:00,860.49677,302,2025-06-16
16:00,763.6523,282,2025-06-16
17:00,631.0907,243,2025-06-16
11:00,774.4073,229,2025-06-17
12:00,856.4803,277,2025-06-17
13:00,916.0807,299,2025-06-17
14:00,915.6658,306,2025-06-17
15:00,854.5716,298,2025-06-17
16:00,765.90955,278,2025-06-17
17:00,633.29816,243,2025-06-17
11:00,766.27466,225,2025-06-18
12:00,859.6171,273,2025-06-18
13:00,907.61615,295,2025-06-18
14:00,905.9066,300,2025-06-18
15:00,854.70435,295,2025-06-18
16:00,758.27484,277,2025-06-18
17:00,624.9664,242,2025-06-18
11:00,760.8308,228,2025-06-19
12:00,853.55914,280,2025-06-19
13:00,900.8943,298,2025-06-19
14:00,898.73663,302,2025-06-19
15:00,847.93274,294,2025-06-19
16:00,752.4326,275,2025-06-19
17:00,620.30255,239,2025-06-19
11:00,754.00934,215,2025-06-20
12:00,849.47626,251,2025-06-20
13:00,895.41724,296,2025-06-20
14:00,895.43384,302,2025-06-20
15:00,828.54724,296,2025-06-20
16:00,751.75214,275,2025-06-20
17:00,622.4436,238,2025-06-20
11:00,758.59015,197,2025-06-21
12:00,845.29376,262,2025-06-21
13:00,886.37177,285,2025-06-21
14:00,872.29736,293,2025-06-21
15:00,808.8298,220,2025-06-21
16:00,644.6838,170,2025-06-21
17:00,526.8771,101,2025-06-21
11:00,570.4281,114,2025-06-22
12:00,745.8767,169,2025-06-22
13:00,798.2076,187,2025-06-22
14:00,826.539,258,2025-06-22
15:00,795.7512,269,2025-06-22
16:00,707.4543,265,2025-06-22
17:00,595.5396,229,2025-06-22
11:00,638.7918,231,2025-06-23
12:00,651.82056,295,2025-06-23
13:00,606.27795,292,2025-06-23
14:00,577.2495,228,2025-06-23
15:00,414.44788,208,2025-06-23
16:00,357.93454,161,2025-06-23
17:00,314.94788,124,2025-06-23
11:00,742.35815,233,2025-06-24
12:00,861.14404,284,2025-06-24
13:00,910.0725,301,2025-06-24
14:00,908.4958,308,2025-06-24
15:00,856.8288,302,2025-06-24
16:00,749.3124,274,2025-06-24
17:00,614.0122,235,2025-06-24
11:00,517.78186,189,2025-06-25
12:00,771.038,267,2025-06-25
13:00,880.4134,288,2025-06-25
14:00,858.7043,294,2025-06-25
15:00,832.8957,286,2025-06-25
16:00,736.8147,217,2025-06-25
17:00,506.363,127,2025-06-25
11:00,527.10944,194,2025-06-26
12:00,577.1831,228,2025-06-26
13:00,635.8707,249,2025-06-26
14:00,728.16754,277,2025-06-26
15:00,628.8169,251,2025-06-26
16:00,441.41827,185,2025-06-26
17:00,272.11057,170,2025-06-26
11:00,536.68604,135,2025-06-27
12:00,619.3731,142,2025-06-27
13:00,708.6659,210,2025-06-27
14:00,722.87305,300,2025-06-27
15:00,725.0639,305,2025-06-27
16:00,723.454,285,2025-06-27
17:00,618.5267,239,2025-06-27
11:00,748.5987,226,2025-06-28
12:00,840.4308,278,2025-06-28
13:00,889.32605,289,2025-06-28
14:00,880.51294,305,2025-06-28
15:00,840.4142,292,2025-06-28
16:00,746.83936,280,2025-06-28
17:00,617.73,246,2025-06-28
11:00,746.0261,223,2025-06-29
12:00,840.0325,276,2025-06-29
13:00,889.7078,295,2025-06-29
14:00,870.73724,279,2025-06-29
15:00,783.0876,278,2025-06-29
16:00,730.4082,266,2025-06-29
17:00,617.4479,237,2025-06-29
11:00,759.9345,223,2025-06-30
12:00,856.71265,273,2025-06-30
13:00,910.7032,293,2025-06-30
14:00,911.73224,301,2025-06-30
15:00,863.61707,296,2025-06-30
16:00,763.3038,278,2025-06-30
17:00,628.02026,238,2025-06-30
11:00,749.7077,215,2025-07-01
12:00,844.6991,265,2025-07-01
13:00,894.91766,284,2025-07-01
14:00,889.71643,288,2025-07-01
15:00,842.7751,281,2025-07-01
16:00,746.0392,261,2025-07-01
17:00,624.34064,225,2025-07-01
11:00,710.0546,211,2025-07-02
12:00,773.51263,265,2025-07-02
13:00,856.2265,291,2025-07-02
14:00,866.2213,276,2025-07-02
15:00,763.7624,176,2025-07-02
16:00,488.03314,104,2025-07-02
17:00,356.29092,82,2025-07-02
11:00,765.27875,227,2025-07-03
12:00,856.895,283,2025-07-03
13:00,905.9722,304,2025-07-03
14:00,922.34216,312,2025-07-03
15:00,859.357,307,2025-07-03
16:00,762.7678,285,2025-07-03
17:00,626.26465,246,2025-07-03
11:00,774.3279,224,2025-07-04
12:00,877.61835,277,2025-07-04
13:00,930.55975,300,2025-07-04
14:00,929.74457,307,2025-07-04
15:00,877.7325,303,2025-07-04
16:00,773.105,282,2025-07-04
17:00,631.7267,248,2025-07-04
11:00,759.3112,201,2025-07-05
12:00,842.57947,274,2025-07-05
13:00,896.5644,291,2025-07-05
14:00,904.1461,307,2025-07-05
15:00,869.6453,295,2025-07-05
16:00,774.27893,283,2025-07-05
17:00,638.9823,180,2025-07-05
11:00,267.5769,17,2025-07-06
12:00,179.41724,23,2025-07-06
13:00,145.99254,44,2025-07-06
14:00,130.3237,76,2025-07-06
15:00,224.32045,100,2025-07-06
16:00,280.16415,12,2025-07-06
17:00,361.58997,67,2025-07-06
11:00,299.51785,47,2025-07-07
12:00,547.34973,71,2025-07-07
13:00,571.18726,66,2025-07-07
14:00,774.53986,151,2025-07-07
15:00,688.67914,221,2025-07-07
16:00,535.44727,122,2025-07-07
17:00,451.3475,112,2025-07-07
11:00,543.7464,227,2025-07-08
12:00,515.21313,263,2025-07-08
13:00,493.7561,245,2025-07-08
14:00,553.1216,203,2025-07-08
15:00,432.45032,216,2025-07-08
16:00,485.8483,251,2025-07-08
17:00,348.3179,195,2025-07-08
11:00,765.68634,223,2025-07-09
12:00,863.56366,281,2025-07-09
13:00,905.92334,300,2025-07-09
14:00,913.6844,307,2025-07-09
15:00,864.8028,303,2025-07-09
16:00,770.6104,286,2025-07-09
17:00,638.6562,252,2025-07-09
11:00,762.52325,218,2025-07-10
12:00,860.18854,277,2025-07-10
13:00,911.0756,301,2025-07-10
14:00,911.4343,308,2025-07-10
15:00,861.8843,301,2025-07-10
16:00,766.5179,285,2025-07-10
17:00,633.21045,248,2025-07-10
11:00,747.05005,213,2025-07-11
12:00,842.6773,273,2025-07-11
13:00,893.2546,293,2025-07-11
14:00,895.0807,299,2025-07-11
15:00,847.8459,292,2025-07-11
16:00,754.87634,275,2025-07-11
17:00,623.52545,243,2025-07-11
11:00,737.6259,214,2025-07-12
12:00,833.6282,273,2025-07-12
13:00,885.1511,290,2025-07-12
14:00,888.249,297,2025-07-12
15:00,841.6501,292,2025-07-12
16:00,746.69135,274,2025-07-12
17:00,620.6069,240,2025-07-12
11:00,661.7111,212,2025-07-13
12:00,784.43677,268,2025-07-13
13:00,849.72095,287,2025-07-13
14:00,854.9384,285,2025-07-13
15:00,742.32166,275,2025-07-13
16:00,562.6925,169,2025-07-13
17:00,479.42422,169,2025-07-13
11:00,670.10803,184,2025-07-14
12:00,797.35016,203,2025-07-14
13:00,818.38324,221,2025-07-14
14:00,838.07935,256,2025-07-14
15:00,835.87823,274,2025-07-14
16:00,723.1962,281,2025-07-14
17:00,574.0243,208,2025-07-14
11:00,502.7889,218,2025-07-15
12:00,594.4704,205,2025-07-15
13:00,389.74823,243,2025-07-15
14:00,517.5284,222,2025-07-15
15:00,526.9199,241,2025-07-15
16:00,546.97473,274,2025-07-15
17:00,560.6381,178,2025-07-15
11:00,356.37247,132,2025-07-16
12:00,393.88962,138,2025-07-16
13:00,483.50043,147,2025-07-16
14:00,430.54266,249,2025-07-16
15:00,431.19485,256,2025-07-16
16:00,328.50766,249,2025-07-16
17:00,179.87376,143,2025-07-16
11:00,662.90137,207,2025-07-17
12:00,639.08014,223,2025-07-17
13:00,538.0723,147,2025-07-17
14:00,566.41,164,2025-07-17
15:00,476.147,228,2025-07-17
16:00,448.52676,249,2025-07-17
17:00,485.8157,165,2025-07-17
11:00,658.548,122,2025-07-18
12:00,780.165,123,2025-07-18
13:00,813.63855,212,2025-07-18
14:00,743.60974,198,2025-07-18
15:00,526.1862,207,2025-07-18
16:00,410.89548,251,2025-07-18
17:00,377.17728,107,2025-07-18
11:00,626.5418,89,2025-07-19
12:00,683.7551,153,2025-07-19
13:00,700.2555,245,2025-07-19
14:00,525.322,169,2025-07-19
15:00,656.91754,255,2025-07-19
16:00,483.0765,164,2025-07-19
17:00,478.08725,98,2025-07-19
11:00,464.8315,107,2025-07-20
12:00,716.42975,178,2025-07-20
13:00,788.98584,237,2025-07-20
14:00,802.14374,288,2025-07-20
15:00,803.4807,259,2025-07-20
16:00,724.28864,169,2025-07-20
17:00,492.1256,150,2025-07-20
11:00,242.48392,104,2025-07-21
12:00,529.80585,168,2025-07-21
13:00,570.6655,242,2025-07-21
14:00,577.74176,181,2025-07-21
15:00,507.66403,274,2025-07-21
16:00,527.8982,78,2025-07-21
17:00,446.12997,127,2025-07-21
11:00,345.97003,61,2025-07-22
12:00,359.291,143,2025-07-22
13:00,433.15143,140,2025-07-22
14:00,401.11264,93,2025-07-22
15:00,422.48813,145,2025-07-22
16:00,282.56094,138,2025-07-22
17:00,198.49376,115,2025-07-22
11:00,270.6259,50,2025-07-23
12:00,422.7979,29,2025-07-23
13:00,413.8629,77,2025-07-23
14:00,295.1319,215,2025-07-23
15:00,148.9437,127,2025-07-23
16:00,370.7043,127,2025-07-23
17:00,508.67493,131,2025-07-23
11:00,468.54898,67,2025-07-24
12:00,451.23337,84,2025-07-24
13:00,511.41412,136,2025-07-24
14:00,524.621,193,2025-07-24
15:00,495.1583,133,2025-07-24
16:00,446.42346,151,2025-07-24
17:00,241.26106,99,2025-07-24
11:00,274.63684,96,2025-07-25
12:00,235.96204,110,2025-07-25
13:00,528.7786,155,2025-07-25
14:00,631.2702,178,2025-07-25
15:00,646.189,224,2025-07-25
16:00,561.87726,260,2025-07-25
17:00,512.99567,83,2025-07-25
11:00,691.61395,201,2025-07-26
12:00,731.13666,262,2025-07-26
13:00,759.5395,255,2025-07-26
14:00,780.05084,232,2025-07-26
15:00,635.26483,190,2025-07-26
16:00,419.73264,247,2025-07-26
17:00,268.08234,121,2025-07-26
11:00,576.86127,161,2025-07-27
12:00,663.91223,152,2025-07-27
13:00,645.29224,188,2025-07-27
14:00,515.4903,177,2025-07-27
15:00,473.52194,175,2025-07-27
16:00,464.91302,124,2025-07-27
17:00,393.33527,88,2025-07-27
11:00,551.377,197,2025-07-28
12:00,707.022,243,2025-07-28
13:00,597.8944,271,2025-07-28
14:00,298.37653,183,2025-07-28
15:00,306.38214,124,2025-07-28
16:00,435.64606,125,2025-07-28
17:00,315.00735,130,2025-07-28
11:00,514.59357,167,2025-07-29
12:00,588.74744,187,2025-07-29
13:00,564.1599,250,2025-07-29
14:00,423.87402,197,2025-07-29
15:00,532.6266,180,2025-07-29
16:00,409.52588,225,2025-07-29
17:00,372.3674,100,2025-07-29
11:00,524.7351,122,2025-07-30
12:00,593.67145,154,2025-07-30
13:00,423.54794,115,2025-07-30
14:00,438.3037,126,2025-07-30
15:00,449.6192,201,2025-07-30
16:00,423.4338,210,2025-07-30
17:00,371.40543,97,2025-07-30
11:00,655.9066,185,2025-07-31
12:00,680.64087,229,2025-07-31
13:00,695.1847,226,2025-07-31
14:00,658.5969,280,2025-07-31
15:00,401.22675,256,2025-07-31
16:00,316.44217,260,2025-07-31
17:00,187.70004,114,2025-07-31
11:00,395.60458,142,2025-08-01
12:00,613.2236,176,2025-08-01
13:00,539.54156,246,2025-08-01
14:00,555.7408,145,2025-08-01
15:00,594.8189,100,2025-08-01
16:00,471.49197,118,2025-08-01
17:00,483.01074,62,2025-08-01
11:00,508.96762,161,2025-08-02
12:00,589.1072,228,2025-08-02
13:00,711.2283,190,2025-08-02
14:00,542.20703,208,2025-08-02
15:00,496.19543,242,2025-08-02
16:00,536.4477,177,2025-08-02
17:00,417.24588,123,2025-08-02
11:00,688.17487,201,2025-08-03
12:00,756.399,250,2025-08-03
13:00,781.7371,283,2025-08-03
14:00,799.06287,296,2025-08-03
15:00,796.06415,287,2025-08-03
16:00,715.13135,262,2025-08-03
17:00,581.0472,76,2025-08-03
11:00,608.51135,114,2025-08-04
12:00,764.22095,193,2025-08-04
13:00,816.579,255,2025-08-04
14:00,830.668,276,2025-08-04
15:00,790.7173,283,2025-08-04
16:00,703.914,263,2025-08-04
17:00,565.4984,49,2025-08-04
11:00,622.58453,226,2025-08-05
12:00,804.2034,257,2025-08-05
13:00,889.49945,284,2025-08-05
14:00,890.4038,289,2025-08-05
15:00,830.2873,280,2025-08-05
16:00,738.3275,258,2025-08-05
17:00,597.30994,72,2025-08-05
11:00,691.23706,136,2025-08-06
12:00,792.31976,235,2025-08-06
13:00,857.9736,260,2025-08-06
14:00,869.0481,220,2025-08-06
15:00,821.41815,277,2025-08-06
16:00,724.0481,261,2025-08-06
17:00,586.15607,42,2025-08-06
11:00,701.7245,202,2025-08-07
12:00,803.18805,255,2025-08-07
13:00,858.25916,277,2025-08-07
14:00,861.8766,286,2025-08-07
15:00,814.11975,281,2025-08-07
16:00,718.20935,257,2025-08-07
17:00,581.6818,27,2025-08-07
11:00,702.0418,205,2025-08-08
12:00,801.2048,254,2025-08-08
13:00,854.24506,274,2025-08-08
14:00,860.9246,285,2025-08-08
15:00,809.01086,279,2025-08-08
16:00,701.51825,254,2025-08-08
17:00,558.5015,31,2025-08-08
11:00,681.765,203,2025-08-09
12:00,780.13464,250,2025-08-09
13:00,831.5407,271,2025-08-09
14:00,832.334,278,2025-08-09
15:00,783.21265,274,2025-08-09
16:00,686.58826,249,2025-08-09
17:00,549.55304,23,2025-08-09
11:00,693.77563,203,2025-08-10
12:00,795.22327,257,2025-08-10
13:00,849.86597,278,2025-08-10
14:00,853.42,286,2025-08-10
15:00,805.5997,282,2025-08-10
16:00,709.3085,254,2025-08-10
17:00,571.9083,22,2025-08-10
11:00,687.80994,202,2025-08-11
12:00,788.32153,250,2025-08-11
13:00,839.8545,271,2025-08-11
14:00,841.02856,276,2025-08-11
15:00,790.4317,267,2025-08-11
16:00,692.96643,235,2025-08-11
17:00,555.836,44,2025-08-11
11:00,684.31946,199,2025-08-12
12:00,786.1479,245,2025-08-12
13:00,837.03033,267,2025-08-12
14:00,837.95056,272,2025-08-12
15:00,787.3537,265,2025-08-12
16:00,689.3331,233,2025-08-12
17:00,552.3613,57,2025-08-12
11:00,548.55347,152,2025-08-13
12:00,510.7605,158,2025-08-13
13:00,486.69168,139,2025-08-13
14:00,481.2972,48,2025-08-13
15:00,461.90887,30,2025-08-13
16:00,493.49823,10,2025-08-13
17:00,365.4749,16,2025-08-13
11:00,622.96533,189,2025-08-14
12:00,744.8485,198,2025-08-14
13:00,802.80725,225,2025-08-14
14:00,803.41016,254,2025-08-14
15:00,751.92474,242,2025-08-14
16:00,605.14777,207,2025-08-14
17:00,531.783,65,2025-08-14
11:00,555.9471,191,2025-08-15
12:00,713.9731,228,2025-08-15
13:00,794.4934,252,2025-08-15
14:00,809.16956,258,2025-08-15
15:00,754.06665,253,2025-08-15
16:00,671.2934,218,2025-08-15
17:00,531.87823,38,2025-08-15
11:00,670.2621,142,2025-08-16
12:00,772.01117,177,2025-08-16
13:00,826.4001,196,2025-08-16
14:00,829.54156,221,2025-08-16
15:00,778.77014,228,2025-08-16
16:00,679.4644,194,2025-08-16
17:00,540.5094,71,2025-08-16
11:00,666.8826,202,2025-08-17
12:00,768.66345,248,2025-08-17
13:00,823.1951,271,2025-08-17
14:00,826.2414,280,2025-08-17
15:00,776.8186,271,2025-08-17
16:00,678.3221,225,2025-08-17
17:00,539.66846,43,2025-08-17
11:00,658.7592,173,2025-08-18
12:00,744.34076,206,2025-08-18
13:00,792.7323,188,2025-08-18
14:00,775.96185,191,2025-08-18
15:00,699.42395,81,2025-08-18
16:00,606.7978,113,2025-08-18
17:00,427.24152,91,2025-08-18
11:00,438.9348,26,2025-08-19
12:00,320.89124,46,2025-08-19
13:00,361.04828,61,2025-08-19
14:00,358.5573,99,2025-08-19
15:00,312.56155,38,2025-08-19
16:00,333.28265,37,2025-08-19
17:00,286.9696,39,2025-08-19
11:00,367.1091,40,2025-08-20
12:00,516.504,50,2025-08-20
13:00,550.42566,66,2025-08-20
14:00,525.5953,62,2025-08-20
15:00,465.3518,51,2025-08-20
16:00,383.5781,62,2025-08-20
17:00,308.67438,57,2025-08-20
11:00,302.94672,185,2025-08-21
12:00,420.6571,201,2025-08-21
13:00,477.87015,204,2025-08-21
14:00,393.4944,199,2025-08-21
15:00,326.79343,42,2025-08-21
16:00,306.31033,41,2025-08-21
17:00,144.01631,30,2025-08-21
11:00,602.0697,208,2025-08-22
12:00,689.8091,252,2025-08-22
13:00,712.16437,271,2025-08-22
14:00,716.33716,206,2025-08-22
15:00,701.3279,216,2025-08-22
16:00,486.85034,215,2025-08-22
17:00,493.1809,21,2025-08-22
11:00,643.5754,204,2025-08-23
12:00,729.80743,240,2025-08-23
13:00,787.7979,259,2025-08-23
14:00,793.08136,272,2025-08-23
15:00,747.57745,270,2025-08-23
16:00,629.48627,214,2025-08-23
17:00,509.76093,26,2025-08-23
11:00,645.4793,205,2025-08-24
12:00,743.7696,239,2025-08-24
13:00,800.697,268,2025-08-24
14:00,802.4582,276,2025-08-24
15:00,749.1323,267,2025-08-24
16:00,643.71814,204,2025-08-24
17:00,502.5736,20,2025-08-24
11:00,573.8916,128,2025-08-25
12:00,700.31244,144,2025-08-25
13:00,784.7834,189,2025-08-25
14:00,796.0007,221,2025-08-25
15:00,749.06885,226,2025-08-25
16:00,645.0033,170,2025-08-25
17:00,497.97244,36,2025-08-25
11:00,608.7176,158,2025-08-26
12:00,667.0095,181,2025-08-26
13:00,695.5685,198,2025-08-26
14:00,733.0441,159,2025-08-26
15:00,689.6187,182,2025-08-26
16:00,629.1214,186,2025-08-26
17:00,481.56693,59,2025-08-26
11:00,443.91675,180,2025-08-27
12:00,621.31525,96,2025-08-27
13:00,514.01306,89,2025-08-27
14:00,327.4598,171,2025-08-27
15:00,397.7941,152,2025-08-27
16:00,255.28505,132,2025-08-27
17:00,240.89453,92,2025-08-27
11:00,563.293,204,2025-08-28
12:00,740.92957,219,2025-08-28
13:00,764.1575,288,2025-08-28
14:00,513.5529,239,2025-08-28
15:00,293.5064,209,2025-08-28
16:00,282.36844,182,2025-08-28
17:00,265.836,62,2025-08-28
11:00,217.31755,85,2025-08-29
12:00,384.24448,42,2025-08-29
13:00,506.1752,51,2025-08-29
14:00,476.83884,29,2025-08-29
15:00,212.36734,50,2025-08-29
16:00,376.5494,119,2025-08-29
17:00,342.86575,45,2025-08-29
11:00,415.94485,136,2025-08-30
12:00,443.5201,172,2025-08-30
13:00,468.7313,151,2025-08-30
14:00,185.85513,127,2025-08-30
15:00,136.3054,110,2025-08-30
16:00,231.47008,89,2025-08-30
17:00,173.55893,60,2025-08-30
11:00,126.89682,19,2025-08-31
12:00,160.1521,14,2025-08-31
13:00,147.22125,31,2025-08-31
14:00,18.261847,14,2025-08-31
15:00,40.379147,25,2025-08-31
16:00,189.10768,11,2025-08-31
17:00,66.82788,26,2025-08-31
11:00,327.16504,147,2025-09-01
12:00,565.4573,166,2025-09-01
13:00,607.1816,263,2025-09-01
14:00,549.0457,186,2025-09-01
15:00,546.55774,212,2025-09-01
16:00,428.36972,117,2025-09-01
17:00,268.44193,69,2025-09-01
11:00,212.20682,61,2025-09-02
12:00,38.649086,26,2025-09-02
13:00,87.96105,14,2025-09-02
14:00,236.66963,55,2025-09-02
15:00,199.98312,64,2025-09-02
16:00,294.66644,125,2025-09-02
17:00,306.31833,43,2025-09-02
11:00,420.39572,141,2025-09-03
12:00,522.9912,150,2025-09-03
13:00,616.85547,122,2025-09-03
14:00,613.2857,235,2025-09-03
15:00,451.28717,190,2025-09-03
16:00,501.88177,125,2025-09-03
17:00,347.87268,62,2025-09-03
11:00,468.6105,60,2025-09-04
12:00,469.4759,40,2025-09-04
13:00,376.6161,99,2025-09-04
14:00,375.7507,201,2025-09-04
15:00,281.7628,243,2025-09-04
16:00,426.49985,139,2025-09-04
17:00,358.381,50,2025-09-04
11:00,468.2705,200,2025-09-05
12:00,583.2133,238,2025-09-05
13:00,609.02057,259,2025-09-05
14:00,612.8994,159,2025-09-05
15:00,454.007,108,2025-09-05
16:00,355.64575,178,2025-09-05
17:00,256.17188,40,2025-09-05
11:00,612.04944,201,2025-09-06
12:00,713.3005,240,2025-09-06
13:00,762.5043,261,2025-09-06
14:00,753.47943,249,2025-09-06
15:00,686.9832,255,2025-09-06
16:00,574.4512,165,2025-09-06
17:00,429.68326,38,2025-09-06
11:00,586.7985,160,2025-09-07
12:00,669.6908,211,2025-09-07
13:00,673.16785,219,2025-09-07
14:00,650.2813,222,2025-09-07
15:00,568.88794,105,2025-09-07
16:00,472.8911,68,2025-09-07
17:00,300.19876,59,2025-09-07
11:00,430.1623,136,2025-09-08
12:00,565.58093,186,2025-09-08
13:00,677.1857,219,2025-09-08
14:00,611.8022,177,2025-09-08
15:00,617.2727,235,2025-09-08
16:00,500.9082,166,2025-09-08
17:00,381.51483,87,2025-09-08
11:00,581.328,186,2025-09-09
12:00,660.5115,235,2025-09-09
13:00,543.637,248,2025-09-09
14:00,485.5475,157,2025-09-09
15:00,503.7671,148,2025-09-09
16:00,343.96295,121,2025-09-09
17:00,232.45084,37,2025-09-09
11:00,346.79092,76,2025-09-10
12:00,497.1685,105,2025-09-10
13:00,277.79126,152,2025-09-10
14:00,390.4315,97,2025-09-10
15:00,174.59311,59,2025-09-10
16:00,348.9235,38,2025-09-10
17:00,131.15346,54,2025-09-10
11:00,367.23584,142,2025-09-11
12:00,525.69556,143,2025-09-11
13:00,425.20175,165,2025-09-11
14:00,460.3738,210,2025-09-11
15:00,421.35385,119,2025-09-11
16:00,364.7633,88,2025-09-11
17:00,249.1251,59,2025-09-11
11:00,484.5739,150,2025-09-12
12:00,559.5077,211,2025-09-12
13:00,599.03766,198,2025-09-12
14:00,550.7765,155,2025-09-12
15:00,419.59213,96,2025-09-12
16:00,314.3696,42,2025-09-12
17:00,281.9328,50,2025-09-12
11:00,263.65137,73,2025-09-13
12:00,311.3407,62,2025-09-13
13:00,332.3265,71,2025-09-13
14:00,213.0722,64,2025-09-13
15:00,234.38252,78,2025-09-13
16:00,160.6541,56,2025-09-13
17:00,123.59672,66,2025-09-13
11:00,113.66014,40,2025-09-14
12:00,295.8409,50,2025-09-14
13:00,324.81613,88,2025-09-14
14:00,245.60172,103,2025-09-14
15:00,340.1923,145,2025-09-14
16:00,277.0186,84,2025-09-14
17:00,98.33032,67,2025-09-14
11:00,473.69467,186,2025-09-15
12:00,319.88647,192,2025-09-15
13:00,329.05035,204,2025-09-15
14:00,350.43796,244,2025-09-15
15:00,328.23132,211,2025-09-15
16:00,235.01611,134,2025-09-15
17:00,222.08157,37,2025-09-15
11:00,413.7353,150,2025-09-16
12:00,537.05383,211,2025-09-16
13:00,515.8517,183,2025-09-16
14:00,353.6368,200,2025-09-16
15:00,335.10812,147,2025-09-16
16:00,262.09055,115,2025-09-16
17:00,84.746735,71,2025-09-16
11:00,546.4959,176,2025-09-17
12:00,643.21906,220,2025-09-17
13:00,690.7384,244,2025-09-17
14:00,683.16626,253,2025-09-17
15:00,622.7432,242,2025-09-17
16:00,514.63086,137,2025-09-17
17:00,369.52295,15,2025-09-17
11:00,533.8704,181,2025-09-18
12:00,656.4472,223,2025-09-18
13:00,704.0284,248,2025-09-18
14:00,695.699,255,2025-09-18
15:00,632.9889,243,2025-09-18
16:00,522.0022,137,2025-09-18
17:00,373.3554,14,2025-09-18
11:00,553.85175,176,2025-09-19
12:00,647.8551,217,2025-09-19
13:00,690.58386,239,2025-09-19
14:00,678.3293,245,2025-09-19
15:00,612.25037,235,2025-09-19
16:00,499.57922,139,2025-09-19
17:00,352.69415,21,2025-09-19
11:00,100.679245,11,2025-09-20
12:00,255.92462,23,2025-09-20
13:00,425.03177,71,2025-09-20
14:00,474.96185,104,2025-09-20
15:00,387.81985,167,2025-09-20
16:00,148.01317,88,2025-09-20
17:00,72.183075,43,2025-09-20
11:00,342.1858,85,2025-09-21
12:00,530.3316,184,2025-09-21
13:00,591.5273,201,2025-09-21
14:00,571.8859,114,2025-09-21
15:00,411.91177,84,2025-09-21
16:00,346.38913,92,2025-09-21
17:00,291.25122,23,2025-09-21
11:00,264.60947,85,2025-09-22
12:00,362.59982,95,2025-09-22
13:00,510.3812,158,2025-09-22
14:00,339.24963,185,2025-09-22
15:00,462.05823,172,2025-09-22
16:00,264.90308,105,2025-09-22
17:00,179.26006,59,2025-09-22
11:00,277.26584,46,2025-09-23
12:00,263.80588,57,2025-09-23
13:00,194.89894,47,2025-09-23
14:00,138.91109,54,2025-09-23
15:00,129.3145,39,2025-09-23
16:00,91.91714,32,2025-09-23
17:00,83.44865,25,2025-09-23
11:00,104.44988,18,2025-09-24
12:00,108.2978,24,2025-09-24
13:00,102.56457,39,2025-09-24
14:00,108.40597,41,2025-09-24
15:00,69.84961,48,2025-09-24
16:00,90.15544,24,2025-09-24
17:00,94.760574,6,2025-09-24
11:00,150.1612,34,2025-09-25
12:00,245.64809,66,2025-09-25
13:00,298.88522,143,2025-09-25
14:00,223.65782,114,2025-09-25
15:00,184.37514,85,2025-09-25
16:00,254.0393,87,2025-09-25
17:00,188.23851,20,2025-09-25
11:00,277.76035,64,2025-09-26
12:00,323.93527,95,2025-09-26
13:00,220.16534,18,2025-09-26
14:00,198.43779,20,2025-09-26
15:00,109.00865,25,2025-09-26
16:00,112.26933,16,2025-09-26
17:00,73.07938,28,2025-09-26
11:00,472.87564,68,2025-09-27
12:00,504.72522,146,2025-09-27
13:00,478.48526,146,2025-09-27
14:00,429.28146,172,2025-09-27
15:00,264.2695,100,2025-09-27
16:00,189.24298,49,2025-09-27
17:00,153.68459,54,2025-09-27
11:00,445.55396,108,2025-09-28
12:00,537.7647,159,2025-09-28
13:00,609.02057,241,2025-09-28
14:00,584.8514,192,2025-09-28
15:00,540.42267,185,2025-09-28
16:00,440.717,93,2025-09-28
17:00,292.07025,59,2025-09-28
11:00,489.41086,159,2025-09-29
12:00,579.28815,201,2025-09-29
13:00,570.5878,224,2025-09-29
14:00,470.29492,236,2025-09-29
15:00,393.8158,195,2025-09-29
16:00,359.16916,84,2025-09-29
17:00,222.7306,28,2025-09-29
11:00,483.9867,151,2025-09-30
12:00,579.9681,192,2025-09-30
13:00,520.7814,225,2025-09-30
14:00,457.53036,206,2025-09-30
15:00,443.0814,169,2025-09-30
16:00,361.53354,117,2025-09-30
17:00,271.51715,25,2025-09-30
